-- phpMyAdmin SQL Dump
-- version 5.2.1
-- https://www.phpmyadmin.net/
--
-- Host: 127.0.0.1
-- Generation Time: Sep 01, 2025 at 01:36 AM
-- Server version: 10.4.32-MariaDB
-- PHP Version: 8.2.12

SET SQL_MODE = "NO_AUTO_VALUE_ON_ZERO";
START TRANSACTION;
SET time_zone = "+00:00";


/*!40101 SET @OLD_CHARACTER_SET_CLIENT=@@CHARACTER_SET_CLIENT */;
/*!40101 SET @OLD_CHARACTER_SET_RESULTS=@@CHARACTER_SET_RESULTS */;
/*!40101 SET @OLD_COLLATION_CONNECTION=@@COLLATION_CONNECTION */;
/*!40101 SET NAMES utf8mb4 */;

--
-- Database: `freelancework_db`
--

-- --------------------------------------------------------

--
-- Table structure for table `about_us`
--

CREATE TABLE `about_us` (
  `id` bigint(20) UNSIGNED NOT NULL,
  `image` varchar(255) NOT NULL,
  `youtube_video_link` longtext NOT NULL,
  `des` longtext NOT NULL,
  `created_at` timestamp NULL DEFAULT NULL,
  `updated_at` timestamp NULL DEFAULT NULL
) ENGINE=InnoDB DEFAULT CHARSET=utf8mb4 COLLATE=utf8mb4_unicode_ci;

-- --------------------------------------------------------

--
-- Table structure for table `analytic_settings`
--

CREATE TABLE `analytic_settings` (
  `id` bigint(20) UNSIGNED NOT NULL,
  `key` varchar(255) NOT NULL,
  `value` text DEFAULT NULL,
  `created_at` timestamp NULL DEFAULT NULL,
  `updated_at` timestamp NULL DEFAULT NULL
) ENGINE=InnoDB DEFAULT CHARSET=utf8mb4 COLLATE=utf8mb4_unicode_ci;

-- --------------------------------------------------------

--
-- Table structure for table `animation_categories`
--

CREATE TABLE `animation_categories` (
  `id` bigint(20) UNSIGNED NOT NULL,
  `name` varchar(255) NOT NULL,
  `slug` varchar(255) NOT NULL,
  `image` varchar(255) DEFAULT NULL,
  `status` tinyint(1) NOT NULL DEFAULT 1,
  `created_at` timestamp NULL DEFAULT NULL,
  `updated_at` timestamp NULL DEFAULT NULL
) ENGINE=InnoDB DEFAULT CHARSET=utf8mb4 COLLATE=utf8mb4_unicode_ci;

--
-- Dumping data for table `animation_categories`
--

INSERT INTO `animation_categories` (`id`, `name`, `slug`, `image`, `status`, `created_at`, `updated_at`) VALUES
(1, 'Gaming Wears', 'gaming-wears', 'uploads/animation_categories/anim_cat_1754987819.png', 1, '2025-08-08 09:44:26', '2025-08-12 02:36:59'),
(2, 'WWE', 'wwe', 'uploads/animation_categories/anim_cat_1754753380.jpg', 1, '2025-08-09 09:29:47', '2025-08-09 09:29:47'),
(3, 'Casual Fits', 'casual-fits', 'uploads/animation_categories/anim_cat_1754753502.jpg', 1, '2025-08-09 09:31:42', '2025-08-09 09:31:42'),
(4, 'SportSphere', 'sportsphere-', 'uploads/animation_categories/anim_cat_1754753535.png', 1, '2025-08-09 09:32:16', '2025-08-09 09:32:16'),
(5, 'AnimeFusion', 'animefusion-', 'uploads/animation_categories/anim_cat_1754753569.png', 1, '2025-08-09 09:32:50', '2025-08-09 09:32:50'),
(6, 'Comic verse', 'comic-verse-', 'uploads/animation_categories/anim_cat_1754753599.png', 1, '2025-08-09 09:33:19', '2025-08-09 09:33:19'),
(7, 'Trending Memes', 'trending-memes', 'uploads/animation_categories/anim_cat_1754753643.png', 1, '2025-08-09 09:34:03', '2025-08-09 09:34:03'),
(8, 'CineAttire', 'cineattire-', 'uploads/animation_categories/anim_cat_1754753668.png', 1, '2025-08-09 09:34:28', '2025-08-09 09:34:28'),
(9, 'Band Closet', 'band-closet', 'uploads/animation_categories/anim_cat_1754753698.png', 1, '2025-08-09 09:34:58', '2025-08-09 09:34:58');

-- --------------------------------------------------------

--
-- Table structure for table `assign_categories`
--

CREATE TABLE `assign_categories` (
  `id` bigint(20) UNSIGNED NOT NULL,
  `product_id` bigint(20) UNSIGNED NOT NULL,
  `category_id` bigint(20) UNSIGNED DEFAULT NULL,
  `category_name` varchar(255) NOT NULL,
  `type` varchar(255) NOT NULL,
  `created_at` timestamp NULL DEFAULT NULL,
  `updated_at` timestamp NULL DEFAULT NULL
) ENGINE=InnoDB DEFAULT CHARSET=utf8mb4 COLLATE=utf8mb4_unicode_ci;

--
-- Dumping data for table `assign_categories`
--

INSERT INTO `assign_categories` (`id`, `product_id`, `category_id`, `category_name`, `type`, `created_at`, `updated_at`) VALUES
(302, 340, NULL, 'new', 'other', '2025-08-30 22:11:18', '2025-08-30 22:11:18'),
(303, 341, NULL, 'new', 'other', '2025-08-30 22:14:10', '2025-08-30 22:14:10'),
(304, 342, NULL, 'new', 'other', '2025-08-30 22:15:45', '2025-08-30 22:15:45'),
(305, 344, NULL, 'new', 'other', '2025-08-30 22:26:30', '2025-08-30 22:26:30'),
(306, 344, NULL, 'trending', 'other', '2025-08-30 22:26:30', '2025-08-30 22:26:30'),
(307, 345, NULL, 'new', 'other', '2025-08-30 22:29:25', '2025-08-30 22:29:25'),
(308, 345, NULL, 'trending', 'other', '2025-08-30 22:29:25', '2025-08-30 22:29:25'),
(309, 346, NULL, 'trending', 'other', '2025-08-30 22:32:52', '2025-08-30 22:32:52'),
(310, 347, NULL, 'new', 'other', '2025-08-30 22:36:26', '2025-08-30 22:36:26'),
(311, 348, NULL, 'new', 'other', '2025-08-30 22:38:09', '2025-08-30 22:38:09'),
(312, 349, NULL, 'new', 'other', '2025-08-30 22:40:23', '2025-08-30 22:40:23'),
(313, 350, NULL, 'new', 'other', '2025-08-30 22:42:05', '2025-08-30 22:42:05'),
(314, 350, NULL, 'trending', 'other', '2025-08-30 22:42:05', '2025-08-30 22:42:05'),
(315, 351, NULL, 'new', 'other', '2025-08-30 22:44:23', '2025-08-30 22:44:23'),
(316, 351, NULL, 'trending', 'other', '2025-08-30 22:44:23', '2025-08-30 22:44:23'),
(317, 352, NULL, 'new', 'other', '2025-08-30 22:51:47', '2025-08-30 22:51:47'),
(318, 353, NULL, 'new', 'other', '2025-08-30 22:54:37', '2025-08-30 22:54:37');

-- --------------------------------------------------------

--
-- Table structure for table `assign_charts`
--

CREATE TABLE `assign_charts` (
  `id` bigint(20) UNSIGNED NOT NULL,
  `product_id` bigint(20) UNSIGNED NOT NULL,
  `size_chart_id` bigint(20) UNSIGNED NOT NULL,
  `created_at` timestamp NULL DEFAULT NULL,
  `updated_at` timestamp NULL DEFAULT NULL
) ENGINE=InnoDB DEFAULT CHARSET=utf8mb4 COLLATE=utf8mb4_unicode_ci;

--
-- Dumping data for table `assign_charts`
--

INSERT INTO `assign_charts` (`id`, `product_id`, `size_chart_id`, `created_at`, `updated_at`) VALUES
(8, 3, 2, '2025-08-10 23:10:54', '2025-08-10 23:10:54'),
(9, 4, 2, '2025-08-10 23:22:55', '2025-08-10 23:22:55'),
(10, 5, 2, '2025-08-10 23:37:03', '2025-08-10 23:37:03'),
(12, 6, 2, '2025-08-10 23:42:37', '2025-08-10 23:42:37'),
(13, 7, 2, '2025-08-10 23:48:07', '2025-08-10 23:48:07'),
(18, 8, 2, '2025-08-11 01:31:38', '2025-08-11 01:31:38'),
(19, 9, 2, '2025-08-11 01:34:36', '2025-08-11 01:34:36'),
(20, 10, 2, '2025-08-11 01:37:28', '2025-08-11 01:37:28'),
(21, 11, 4, '2025-08-11 01:42:55', '2025-08-11 01:42:55'),
(22, 12, 2, '2025-08-11 01:51:34', '2025-08-11 01:51:34'),
(23, 13, 4, '2025-08-11 01:57:42', '2025-08-11 01:57:42'),
(24, 14, 4, '2025-08-11 02:03:40', '2025-08-11 02:03:40'),
(25, 15, 2, '2025-08-11 02:07:26', '2025-08-11 02:07:26'),
(27, 16, 2, '2025-08-11 02:11:28', '2025-08-11 02:11:28'),
(28, 17, 2, '2025-08-11 02:15:16', '2025-08-11 02:15:16'),
(29, 18, 4, '2025-08-11 04:14:15', '2025-08-11 04:14:15'),
(30, 19, 2, '2025-08-11 04:18:36', '2025-08-11 04:18:36'),
(31, 20, 2, '2025-08-11 04:20:47', '2025-08-11 04:20:47'),
(32, 21, 4, '2025-08-11 04:24:19', '2025-08-11 04:24:19'),
(33, 22, 2, '2025-08-11 04:28:10', '2025-08-11 04:28:10'),
(34, 23, 2, '2025-08-11 04:30:26', '2025-08-11 04:30:26'),
(35, 24, 2, '2025-08-11 04:32:51', '2025-08-11 04:32:51'),
(36, 25, 2, '2025-08-11 04:37:00', '2025-08-11 04:37:00'),
(37, 26, 4, '2025-08-11 04:39:33', '2025-08-11 04:39:33'),
(39, 27, 2, '2025-08-11 04:42:22', '2025-08-11 04:42:22'),
(40, 28, 4, '2025-08-11 04:48:47', '2025-08-11 04:48:47'),
(41, 29, 4, '2025-08-11 04:50:08', '2025-08-11 04:50:08'),
(42, 36, 2, '2025-08-11 04:58:43', '2025-08-11 04:58:43'),
(43, 37, 2, '2025-08-11 05:00:07', '2025-08-11 05:00:07'),
(44, 38, 2, '2025-08-11 05:19:02', '2025-08-11 05:19:02'),
(46, 335, 2, '2025-08-11 10:42:27', '2025-08-11 10:42:27'),
(49, 2, 4, '2025-08-22 09:04:47', '2025-08-22 09:04:47'),
(50, 351, 2, '2025-08-30 22:44:23', '2025-08-30 22:44:23'),
(51, 353, 2, '2025-08-30 22:54:37', '2025-08-30 22:54:37');

-- --------------------------------------------------------

--
-- Table structure for table `assign_chart_entries`
--

CREATE TABLE `assign_chart_entries` (
  `id` bigint(20) UNSIGNED NOT NULL,
  `assign_chart_id` bigint(20) UNSIGNED NOT NULL,
  `size` varchar(255) NOT NULL,
  `length` varchar(255) DEFAULT NULL,
  `width` varchar(255) DEFAULT NULL,
  `shoulder` varchar(255) DEFAULT NULL,
  `sleeve` varchar(255) DEFAULT NULL,
  `created_at` timestamp NULL DEFAULT NULL,
  `updated_at` timestamp NULL DEFAULT NULL
) ENGINE=InnoDB DEFAULT CHARSET=utf8mb4 COLLATE=utf8mb4_unicode_ci;

--
-- Dumping data for table `assign_chart_entries`
--

INSERT INTO `assign_chart_entries` (`id`, `assign_chart_id`, `size`, `length`, `width`, `shoulder`, `sleeve`, `created_at`, `updated_at`) VALUES
(36, 8, 'S', '28', '38', '17', '8', '2025-08-10 23:10:55', '2025-08-10 23:10:55'),
(37, 8, 'M', '28', '40', '18', '8.5', '2025-08-10 23:10:55', '2025-08-10 23:10:55'),
(38, 8, 'L', '29', '42', '19', '9', '2025-08-10 23:10:55', '2025-08-10 23:10:55'),
(39, 8, 'XL', '30', '44', '20', '9.5', '2025-08-10 23:10:55', '2025-08-10 23:10:55'),
(40, 8, 'XXL', '31', '46', '21', '10', '2025-08-10 23:10:55', '2025-08-10 23:10:55'),
(41, 8, '3XL', '32', '48', '22', '10.5', '2025-08-10 23:10:55', '2025-08-10 23:10:55'),
(42, 9, 'S', '28', '38', '17', '8', '2025-08-10 23:22:55', '2025-08-10 23:22:55'),
(43, 9, 'M', '28', '40', '18', '8.5', '2025-08-10 23:22:55', '2025-08-10 23:22:55'),
(44, 9, 'L', '29', '42', '19', '9', '2025-08-10 23:22:55', '2025-08-10 23:22:55'),
(45, 9, 'XL', '30', '44', '20', '9.5', '2025-08-10 23:22:55', '2025-08-10 23:22:55'),
(46, 9, 'XXL', '31', '46', '21', '10', '2025-08-10 23:22:55', '2025-08-10 23:22:55'),
(47, 9, '3XL', '32', '48', '22', '10.5', '2025-08-10 23:22:55', '2025-08-10 23:22:55'),
(48, 10, 'S', '28', '38', '17', '8', '2025-08-10 23:37:03', '2025-08-10 23:37:03'),
(49, 10, 'M', '28', '40', '18', '8.5', '2025-08-10 23:37:03', '2025-08-10 23:37:03'),
(50, 10, 'L', '29', '42', '19', '9', '2025-08-10 23:37:03', '2025-08-10 23:37:03'),
(51, 10, 'XL', '30', '44', '20', '9.5', '2025-08-10 23:37:03', '2025-08-10 23:37:03'),
(52, 10, 'XXL', '31', '46', '21', '10', '2025-08-10 23:37:03', '2025-08-10 23:37:03'),
(53, 10, '3XL', '32', '48', '22', '10.5', '2025-08-10 23:37:03', '2025-08-10 23:37:03'),
(60, 12, 'S', '28', '38', '17', '8', '2025-08-10 23:42:37', '2025-08-10 23:42:37'),
(61, 12, 'M', '28', '40', '18', '8.5', '2025-08-10 23:42:37', '2025-08-10 23:42:37'),
(62, 12, 'L', '29', '42', '19', '9', '2025-08-10 23:42:37', '2025-08-10 23:42:37'),
(63, 12, 'XL', '30', '44', '20', '9.5', '2025-08-10 23:42:37', '2025-08-10 23:42:37'),
(64, 12, 'XXL', '31', '46', '21', '10', '2025-08-10 23:42:37', '2025-08-10 23:42:37'),
(65, 12, '3XL', '32', '48', '22', '10.5', '2025-08-10 23:42:37', '2025-08-10 23:42:37'),
(66, 13, 'S', '28', '38', '17', '8', '2025-08-10 23:48:07', '2025-08-10 23:48:07'),
(67, 13, 'M', '28', '40', '18', '8.5', '2025-08-10 23:48:07', '2025-08-10 23:48:07'),
(68, 13, 'L', '29', '42', '19', '9', '2025-08-10 23:48:07', '2025-08-10 23:48:07'),
(69, 13, 'XL', '30', '44', '20', '9.5', '2025-08-10 23:48:07', '2025-08-10 23:48:07'),
(70, 13, 'XXL', '31', '46', '21', '10', '2025-08-10 23:48:07', '2025-08-10 23:48:07'),
(71, 13, '3XL', '32', '48', '22', '10.5', '2025-08-10 23:48:07', '2025-08-10 23:48:07'),
(96, 18, 'S', '28', '38', '17', '8', '2025-08-11 01:31:38', '2025-08-11 01:31:38'),
(97, 18, 'M', '28', '40', '18', '8.5', '2025-08-11 01:31:38', '2025-08-11 01:31:38'),
(98, 18, 'L', '29', '42', '19', '9', '2025-08-11 01:31:38', '2025-08-11 01:31:38'),
(99, 18, 'XL', '30', '44', '20', '9.5', '2025-08-11 01:31:38', '2025-08-11 01:31:38'),
(100, 18, 'XXL', '31', '46', '21', '10', '2025-08-11 01:31:38', '2025-08-11 01:31:38'),
(101, 18, '3XL', '32', '48', '22', '10.5', '2025-08-11 01:31:38', '2025-08-11 01:31:38'),
(102, 19, 'S', '28', '38', '17', '8', '2025-08-11 01:34:36', '2025-08-11 01:34:36'),
(103, 19, 'M', '28', '40', '18', '8.5', '2025-08-11 01:34:36', '2025-08-11 01:34:36'),
(104, 19, 'L', '29', '42', '19', '9', '2025-08-11 01:34:36', '2025-08-11 01:34:36'),
(105, 19, 'XL', '30', '44', '20', '9.5', '2025-08-11 01:34:36', '2025-08-11 01:34:36'),
(106, 19, 'XXL', '31', '46', '21', '10', '2025-08-11 01:34:36', '2025-08-11 01:34:36'),
(107, 19, '3XL', '32', '48', '22', '10.5', '2025-08-11 01:34:36', '2025-08-11 01:34:36'),
(108, 20, 'S', '28', '38', '17', '8', '2025-08-11 01:37:28', '2025-08-11 01:37:28'),
(109, 20, 'M', '28', '40', '18', '8.5', '2025-08-11 01:37:28', '2025-08-11 01:37:28'),
(110, 20, 'L', '29', '42', '19', '9', '2025-08-11 01:37:28', '2025-08-11 01:37:28'),
(111, 20, 'XL', '30', '44', '20', '9.5', '2025-08-11 01:37:28', '2025-08-11 01:37:28'),
(112, 20, 'XXL', '31', '46', '21', '10', '2025-08-11 01:37:28', '2025-08-11 01:37:28'),
(113, 20, '3XL', '32', '48', '22', '10.5', '2025-08-11 01:37:28', '2025-08-11 01:37:28'),
(114, 21, 'S', '27', '38', '20', '9', '2025-08-11 01:42:55', '2025-08-11 01:42:55'),
(115, 21, 'M', '28', '40', '21', '10', '2025-08-11 01:42:55', '2025-08-11 01:42:55'),
(116, 21, 'L', '29', '42', '22', '10', '2025-08-11 01:42:55', '2025-08-11 01:42:55'),
(117, 21, 'XL', '30', '44', '23', '11', '2025-08-11 01:42:55', '2025-08-11 01:42:55'),
(118, 21, 'XXL', '31', '46', '24', '11', '2025-08-11 01:42:55', '2025-08-11 01:42:55'),
(119, 22, 'S', '28', '38', '17', '8', '2025-08-11 01:51:34', '2025-08-11 01:51:34'),
(120, 22, 'M', '28', '40', '18', '8.5', '2025-08-11 01:51:34', '2025-08-11 01:51:34'),
(121, 22, 'L', '29', '42', '19', '9', '2025-08-11 01:51:34', '2025-08-11 01:51:34'),
(122, 22, 'XL', '30', '44', '20', '9.5', '2025-08-11 01:51:34', '2025-08-11 01:51:34'),
(123, 22, 'XXL', '31', '46', '21', '10', '2025-08-11 01:51:34', '2025-08-11 01:51:34'),
(124, 22, '3XL', '32', '48', '22', '10.5', '2025-08-11 01:51:34', '2025-08-11 01:51:34'),
(125, 23, 'S', '27', '38', '20', '9', '2025-08-11 01:57:42', '2025-08-11 01:57:42'),
(126, 23, 'M', '28', '40', '21', '10', '2025-08-11 01:57:42', '2025-08-11 01:57:42'),
(127, 23, 'L', '29', '42', '22', '10', '2025-08-11 01:57:42', '2025-08-11 01:57:42'),
(128, 23, 'XL', '30', '44', '23', '11', '2025-08-11 01:57:42', '2025-08-11 01:57:42'),
(129, 23, 'XXL', '31', '46', '24', '11', '2025-08-11 01:57:42', '2025-08-11 01:57:42'),
(130, 24, 'S', '27', '38', '20', '9', '2025-08-11 02:03:40', '2025-08-11 02:03:40'),
(131, 24, 'M', '28', '40', '21', '10', '2025-08-11 02:03:40', '2025-08-11 02:03:40'),
(132, 24, 'L', '29', '42', '22', '10', '2025-08-11 02:03:40', '2025-08-11 02:03:40'),
(133, 24, 'XL', '30', '44', '23', '11', '2025-08-11 02:03:40', '2025-08-11 02:03:40'),
(134, 24, 'XXL', '31', '46', '24', '11', '2025-08-11 02:03:40', '2025-08-11 02:03:40'),
(135, 25, 'S', '28', '38', '17', '8', '2025-08-11 02:07:26', '2025-08-11 02:07:26'),
(136, 25, 'M', '28', '40', '18', '8.5', '2025-08-11 02:07:26', '2025-08-11 02:07:26'),
(137, 25, 'L', '29', '42', '19', '9', '2025-08-11 02:07:26', '2025-08-11 02:07:26'),
(138, 25, 'XL', '30', '44', '20', '9.5', '2025-08-11 02:07:26', '2025-08-11 02:07:26'),
(139, 25, 'XXL', '31', '46', '21', '10', '2025-08-11 02:07:26', '2025-08-11 02:07:26'),
(140, 25, '3XL', '32', '48', '22', '10.5', '2025-08-11 02:07:26', '2025-08-11 02:07:26'),
(147, 27, 'S', '28', '38', '17', '8', '2025-08-11 02:11:28', '2025-08-11 02:11:28'),
(148, 27, 'M', '28', '40', '18', '8.5', '2025-08-11 02:11:28', '2025-08-11 02:11:28'),
(149, 27, 'L', '29', '42', '19', '9', '2025-08-11 02:11:28', '2025-08-11 02:11:28'),
(150, 27, 'XL', '30', '44', '20', '9.5', '2025-08-11 02:11:28', '2025-08-11 02:11:28'),
(151, 27, 'XXL', '31', '46', '21', '10', '2025-08-11 02:11:28', '2025-08-11 02:11:28'),
(152, 27, '3XL', '32', '48', '22', '10.5', '2025-08-11 02:11:28', '2025-08-11 02:11:28'),
(153, 28, 'S', '28', '38', '17', '8', '2025-08-11 02:15:16', '2025-08-11 02:15:16'),
(154, 28, 'M', '28', '40', '18', '8.5', '2025-08-11 02:15:16', '2025-08-11 02:15:16'),
(155, 28, 'L', '29', '42', '19', '9', '2025-08-11 02:15:16', '2025-08-11 02:15:16'),
(156, 28, 'XL', '30', '44', '20', '9.5', '2025-08-11 02:15:16', '2025-08-11 02:15:16'),
(157, 28, 'XXL', '31', '46', '21', '10', '2025-08-11 02:15:16', '2025-08-11 02:15:16'),
(158, 28, '3XL', '32', '48', '22', '10.5', '2025-08-11 02:15:16', '2025-08-11 02:15:16'),
(159, 29, 'S', '27', '38', '20', '9', '2025-08-11 04:14:15', '2025-08-11 04:14:15'),
(160, 29, 'M', '28', '40', '21', '10', '2025-08-11 04:14:15', '2025-08-11 04:14:15'),
(161, 29, 'L', '29', '42', '22', '10', '2025-08-11 04:14:15', '2025-08-11 04:14:15'),
(162, 29, 'XL', '30', '44', '23', '11', '2025-08-11 04:14:15', '2025-08-11 04:14:15'),
(163, 29, 'XXL', '31', '46', '24', '11', '2025-08-11 04:14:15', '2025-08-11 04:14:15'),
(164, 30, 'S', '28', '38', '17', '8', '2025-08-11 04:18:36', '2025-08-11 04:18:36'),
(165, 30, 'M', '28', '40', '18', '8.5', '2025-08-11 04:18:36', '2025-08-11 04:18:36'),
(166, 30, 'L', '29', '42', '19', '9', '2025-08-11 04:18:36', '2025-08-11 04:18:36'),
(167, 30, 'XL', '30', '44', '20', '9.5', '2025-08-11 04:18:36', '2025-08-11 04:18:36'),
(168, 30, 'XXL', '31', '46', '21', '10', '2025-08-11 04:18:36', '2025-08-11 04:18:36'),
(169, 30, '3XL', '32', '48', '22', '10.5', '2025-08-11 04:18:36', '2025-08-11 04:18:36'),
(170, 31, 'S', '28', '38', '17', '8', '2025-08-11 04:20:47', '2025-08-11 04:20:47'),
(171, 31, 'M', '28', '40', '18', '8.5', '2025-08-11 04:20:47', '2025-08-11 04:20:47'),
(172, 31, 'L', '29', '42', '19', '9', '2025-08-11 04:20:47', '2025-08-11 04:20:47'),
(173, 31, 'XL', '30', '44', '20', '9.5', '2025-08-11 04:20:47', '2025-08-11 04:20:47'),
(174, 31, 'XXL', '31', '46', '21', '10', '2025-08-11 04:20:47', '2025-08-11 04:20:47'),
(175, 31, '3XL', '32', '48', '22', '10.5', '2025-08-11 04:20:47', '2025-08-11 04:20:47'),
(176, 32, 'S', '27', '38', '20', '9', '2025-08-11 04:24:19', '2025-08-11 04:24:19'),
(177, 32, 'M', '28', '40', '21', '10', '2025-08-11 04:24:19', '2025-08-11 04:24:19'),
(178, 32, 'L', '29', '42', '22', '10', '2025-08-11 04:24:19', '2025-08-11 04:24:19'),
(179, 32, 'XL', '30', '44', '23', '11', '2025-08-11 04:24:19', '2025-08-11 04:24:19'),
(180, 32, 'XXL', '31', '46', '24', '11', '2025-08-11 04:24:19', '2025-08-11 04:24:19'),
(181, 33, 'S', '28', '38', '17', '8', '2025-08-11 04:28:10', '2025-08-11 04:28:10'),
(182, 33, 'M', '28', '40', '18', '8.5', '2025-08-11 04:28:10', '2025-08-11 04:28:10'),
(183, 33, 'L', '29', '42', '19', '9', '2025-08-11 04:28:10', '2025-08-11 04:28:10'),
(184, 33, 'XL', '30', '44', '20', '9.5', '2025-08-11 04:28:10', '2025-08-11 04:28:10'),
(185, 33, 'XXL', '31', '46', '21', '10', '2025-08-11 04:28:10', '2025-08-11 04:28:10'),
(186, 33, '3XL', '32', '48', '22', '10.5', '2025-08-11 04:28:10', '2025-08-11 04:28:10'),
(187, 34, 'S', '28', '38', '17', '8', '2025-08-11 04:30:26', '2025-08-11 04:30:26'),
(188, 34, 'M', '28', '40', '18', '8.5', '2025-08-11 04:30:26', '2025-08-11 04:30:26'),
(189, 34, 'L', '29', '42', '19', '9', '2025-08-11 04:30:26', '2025-08-11 04:30:26'),
(190, 34, 'XL', '30', '44', '20', '9.5', '2025-08-11 04:30:26', '2025-08-11 04:30:26'),
(191, 34, 'XXL', '31', '46', '21', '10', '2025-08-11 04:30:26', '2025-08-11 04:30:26'),
(192, 34, '3XL', '32', '48', '22', '10.5', '2025-08-11 04:30:26', '2025-08-11 04:30:26'),
(193, 35, 'S', '28', '38', '17', '8', '2025-08-11 04:32:51', '2025-08-11 04:32:51'),
(194, 35, 'M', '28', '40', '18', '8.5', '2025-08-11 04:32:51', '2025-08-11 04:32:51'),
(195, 35, 'L', '29', '42', '19', '9', '2025-08-11 04:32:51', '2025-08-11 04:32:51'),
(196, 35, 'XL', '30', '44', '20', '9.5', '2025-08-11 04:32:51', '2025-08-11 04:32:51'),
(197, 35, 'XXL', '31', '46', '21', '10', '2025-08-11 04:32:51', '2025-08-11 04:32:51'),
(198, 35, '3XL', '32', '48', '22', '10.5', '2025-08-11 04:32:51', '2025-08-11 04:32:51'),
(199, 36, 'S', '28', '38', '17', '8', '2025-08-11 04:37:00', '2025-08-11 04:37:00'),
(200, 36, 'M', '28', '40', '18', '8.5', '2025-08-11 04:37:00', '2025-08-11 04:37:00'),
(201, 36, 'L', '29', '42', '19', '9', '2025-08-11 04:37:00', '2025-08-11 04:37:00'),
(202, 36, 'XL', '30', '44', '20', '9.5', '2025-08-11 04:37:00', '2025-08-11 04:37:00'),
(203, 36, 'XXL', '31', '46', '21', '10', '2025-08-11 04:37:00', '2025-08-11 04:37:00'),
(204, 36, '3XL', '32', '48', '22', '10.5', '2025-08-11 04:37:00', '2025-08-11 04:37:00'),
(205, 37, 'S', '27', '38', '20', '9', '2025-08-11 04:39:33', '2025-08-11 04:39:33'),
(206, 37, 'M', '28', '40', '21', '10', '2025-08-11 04:39:33', '2025-08-11 04:39:33'),
(207, 37, 'L', '29', '42', '22', '10', '2025-08-11 04:39:33', '2025-08-11 04:39:33'),
(208, 37, 'XL', '30', '44', '23', '11', '2025-08-11 04:39:33', '2025-08-11 04:39:33'),
(209, 37, 'XXL', '31', '46', '24', '11', '2025-08-11 04:39:33', '2025-08-11 04:39:33'),
(216, 39, 'S', '28', '38', '17', '8', '2025-08-11 04:42:22', '2025-08-11 04:42:22'),
(217, 39, 'M', '28', '40', '18', '8.5', '2025-08-11 04:42:22', '2025-08-11 04:42:22'),
(218, 39, 'L', '29', '42', '19', '9', '2025-08-11 04:42:22', '2025-08-11 04:42:22'),
(219, 39, 'XL', '30', '44', '20', '9.5', '2025-08-11 04:42:22', '2025-08-11 04:42:22'),
(220, 39, 'XXL', '31', '46', '21', '10', '2025-08-11 04:42:22', '2025-08-11 04:42:22'),
(221, 39, '3XL', '32', '48', '22', '10.5', '2025-08-11 04:42:22', '2025-08-11 04:42:22'),
(222, 40, 'S', '27', '38', '20', '9', '2025-08-11 04:48:47', '2025-08-11 04:48:47'),
(223, 40, 'M', '28', '40', '21', '10', '2025-08-11 04:48:47', '2025-08-11 04:48:47'),
(224, 40, 'L', '29', '42', '22', '10', '2025-08-11 04:48:47', '2025-08-11 04:48:47'),
(225, 40, 'XL', '30', '44', '23', '11', '2025-08-11 04:48:47', '2025-08-11 04:48:47'),
(226, 40, 'XXL', '31', '46', '24', '11', '2025-08-11 04:48:47', '2025-08-11 04:48:47'),
(227, 41, 'S', '27', '38', '20', '9', '2025-08-11 04:50:08', '2025-08-11 04:50:08'),
(228, 41, 'M', '28', '40', '21', '10', '2025-08-11 04:50:08', '2025-08-11 04:50:08'),
(229, 41, 'L', '29', '42', '22', '10', '2025-08-11 04:50:08', '2025-08-11 04:50:08'),
(230, 41, 'XL', '30', '44', '23', '11', '2025-08-11 04:50:08', '2025-08-11 04:50:08'),
(231, 41, 'XXL', '31', '46', '24', '11', '2025-08-11 04:50:08', '2025-08-11 04:50:08'),
(232, 42, 'S', '28', '38', '17', '8', '2025-08-11 04:58:43', '2025-08-11 04:58:43'),
(233, 42, 'M', '28', '40', '18', '8.5', '2025-08-11 04:58:43', '2025-08-11 04:58:43'),
(234, 42, 'L', '29', '42', '19', '9', '2025-08-11 04:58:43', '2025-08-11 04:58:43'),
(235, 42, 'XL', '30', '44', '20', '9.5', '2025-08-11 04:58:43', '2025-08-11 04:58:43'),
(236, 42, 'XXL', '31', '46', '21', '10', '2025-08-11 04:58:43', '2025-08-11 04:58:43'),
(237, 42, '3XL', '32', '48', '22', '10.5', '2025-08-11 04:58:43', '2025-08-11 04:58:43'),
(238, 43, 'S', '28', '38', '17', '8', '2025-08-11 05:00:07', '2025-08-11 05:00:07'),
(239, 43, 'M', '28', '40', '18', '8.5', '2025-08-11 05:00:07', '2025-08-11 05:00:07'),
(240, 43, 'L', '29', '42', '19', '9', '2025-08-11 05:00:07', '2025-08-11 05:00:07'),
(241, 43, 'XL', '30', '44', '20', '9.5', '2025-08-11 05:00:07', '2025-08-11 05:00:07'),
(242, 43, 'XXL', '31', '46', '21', '10', '2025-08-11 05:00:07', '2025-08-11 05:00:07'),
(243, 43, '3XL', '32', '48', '22', '10.5', '2025-08-11 05:00:07', '2025-08-11 05:00:07'),
(244, 44, 'S', '28', '38', '17', '8', '2025-08-11 05:19:02', '2025-08-11 05:19:02'),
(245, 44, 'M', '28', '40', '18', '8.5', '2025-08-11 05:19:02', '2025-08-11 05:19:02'),
(246, 44, 'L', '29', '42', '19', '9', '2025-08-11 05:19:02', '2025-08-11 05:19:02'),
(247, 44, 'XL', '30', '44', '20', '9.5', '2025-08-11 05:19:02', '2025-08-11 05:19:02'),
(248, 44, 'XXL', '31', '46', '21', '10', '2025-08-11 05:19:02', '2025-08-11 05:19:02'),
(249, 44, '3XL', '32', '48', '22', '10.5', '2025-08-11 05:19:02', '2025-08-11 05:19:02'),
(255, 46, 'S', '28', '38', '17', '8', '2025-08-11 10:42:27', '2025-08-11 10:42:27'),
(256, 46, 'M', '28', '40', '18', '8.5', '2025-08-11 10:42:27', '2025-08-11 10:42:27'),
(257, 46, 'L', '29', '42', '19', '9', '2025-08-11 10:42:27', '2025-08-11 10:42:27'),
(258, 46, 'XL', '30', '44', '20', '9.5', '2025-08-11 10:42:27', '2025-08-11 10:42:27'),
(259, 46, 'XXL', '31', '46', '21', '10', '2025-08-11 10:42:27', '2025-08-11 10:42:27'),
(260, 46, '3XL', '32', '48', '22', '10.5', '2025-08-11 10:42:27', '2025-08-11 10:42:27'),
(271, 49, 'S', '27', '38', '20', '9', '2025-08-22 09:04:47', '2025-08-22 09:04:47'),
(272, 49, 'M', '28', '40', '21', '10', '2025-08-22 09:04:47', '2025-08-22 09:04:47'),
(273, 49, 'L', '29', '42', '22', '10', '2025-08-22 09:04:47', '2025-08-22 09:04:47'),
(274, 49, 'XL', '30', '44', '23', '11', '2025-08-22 09:04:47', '2025-08-22 09:04:47'),
(275, 49, 'XXL', '31', '46', '24', '11', '2025-08-22 09:04:47', '2025-08-22 09:04:47'),
(276, 50, 'S', '28', '38', '17', '8', '2025-08-30 22:44:24', '2025-08-30 22:44:24'),
(277, 50, 'M', '28', '40', '18', '8.5', '2025-08-30 22:44:24', '2025-08-30 22:44:24'),
(278, 50, 'L', '29', '42', '19', '9', '2025-08-30 22:44:24', '2025-08-30 22:44:24'),
(279, 50, 'XL', '30', '44', '20', '9.5', '2025-08-30 22:44:24', '2025-08-30 22:44:24'),
(280, 50, 'XXL', '31', '46', '21', '10', '2025-08-30 22:44:24', '2025-08-30 22:44:24'),
(281, 50, '3XL', '32', '48', '22', '10.5', '2025-08-30 22:44:24', '2025-08-30 22:44:24'),
(282, 51, 'S', '28', '38', '17', '8', '2025-08-30 22:54:37', '2025-08-30 22:54:37'),
(283, 51, 'M', '28', '40', '18', '8.5', '2025-08-30 22:54:37', '2025-08-30 22:54:37'),
(284, 51, 'L', '29', '42', '19', '9', '2025-08-30 22:54:37', '2025-08-30 22:54:37'),
(285, 51, 'XL', '30', '44', '20', '9.5', '2025-08-30 22:54:37', '2025-08-30 22:54:37'),
(286, 51, 'XXL', '31', '46', '21', '10', '2025-08-30 22:54:37', '2025-08-30 22:54:37'),
(287, 51, '3XL', '32', '48', '22', '10.5', '2025-08-30 22:54:37', '2025-08-30 22:54:37');

-- --------------------------------------------------------

--
-- Table structure for table `blogs`
--

CREATE TABLE `blogs` (
  `id` bigint(20) UNSIGNED NOT NULL,
  `title` varchar(255) NOT NULL,
  `slug` varchar(255) NOT NULL,
  `des` longtext DEFAULT NULL,
  `image` longtext NOT NULL,
  `status` varchar(255) NOT NULL,
  `created_at` timestamp NULL DEFAULT NULL,
  `updated_at` timestamp NULL DEFAULT NULL
) ENGINE=InnoDB DEFAULT CHARSET=utf8mb4 COLLATE=utf8mb4_unicode_ci;

-- --------------------------------------------------------

--
-- Table structure for table `branches`
--

CREATE TABLE `branches` (
  `id` bigint(20) UNSIGNED NOT NULL,
  `name` varchar(255) DEFAULT NULL,
  `status` varchar(255) DEFAULT NULL,
  `created_at` timestamp NULL DEFAULT NULL,
  `updated_at` timestamp NULL DEFAULT NULL
) ENGINE=InnoDB DEFAULT CHARSET=utf8mb4 COLLATE=utf8mb4_unicode_ci;

--
-- Dumping data for table `branches`
--

INSERT INTO `branches` (`id`, `name`, `status`, `created_at`, `updated_at`) VALUES
(1, 'branch One', NULL, '2025-05-08 04:26:51', '2025-05-08 04:26:51'),
(2, 'branch two', NULL, '2025-05-08 04:27:06', '2025-05-08 04:27:26');

-- --------------------------------------------------------

--
-- Table structure for table `brands`
--

CREATE TABLE `brands` (
  `id` bigint(20) UNSIGNED NOT NULL,
  `name` varchar(255) NOT NULL,
  `slug` varchar(255) NOT NULL,
  `logo` varchar(255) DEFAULT NULL,
  `status` tinyint(1) NOT NULL DEFAULT 1,
  `created_at` timestamp NULL DEFAULT NULL,
  `updated_at` timestamp NULL DEFAULT NULL
) ENGINE=InnoDB DEFAULT CHARSET=utf8mb4 COLLATE=utf8mb4_unicode_ci;

--
-- Dumping data for table `brands`
--

INSERT INTO `brands` (`id`, `name`, `slug`, `logo`, `status`, `created_at`, `updated_at`) VALUES
(1, 'Premier Web', 'premier-web', 'uploads/brands/1756613534.png', 1, '2025-08-08 09:06:20', '2025-08-30 22:12:15');

-- --------------------------------------------------------

--
-- Table structure for table `bundle_offers`
--

CREATE TABLE `bundle_offers` (
  `id` bigint(20) UNSIGNED NOT NULL,
  `name` varchar(255) NOT NULL COMMENT 'e.g., Bundle Offer',
  `slug` varchar(255) DEFAULT NULL,
  `title` varchar(255) NOT NULL COMMENT 'e.g., Summer T-Shirt Deal',
  `image` varchar(255) DEFAULT NULL,
  `startdate` date DEFAULT NULL,
  `enddate` date DEFAULT NULL,
  `status` tinyint(1) NOT NULL DEFAULT 1,
  `created_at` timestamp NULL DEFAULT NULL,
  `updated_at` timestamp NULL DEFAULT NULL
) ENGINE=InnoDB DEFAULT CHARSET=utf8mb4 COLLATE=utf8mb4_unicode_ci;

--
-- Dumping data for table `bundle_offers`
--

INSERT INTO `bundle_offers` (`id`, `name`, `slug`, `title`, `image`, `startdate`, `enddate`, `status`, `created_at`, `updated_at`) VALUES
(2, 'Mega Deal', 'mega-deal', 'Jersey Deal', 'uploads/offers/1756616884.png', '2025-08-01', '2025-08-31', 1, '2025-08-12 09:52:58', '2025-08-30 23:08:04');

-- --------------------------------------------------------

--
-- Table structure for table `bundle_offer_product`
--

CREATE TABLE `bundle_offer_product` (
  `id` bigint(20) UNSIGNED NOT NULL,
  `bundle_offer_id` bigint(20) UNSIGNED NOT NULL,
  `title` varchar(255) DEFAULT NULL,
  `product_id` longtext CHARACTER SET utf8mb4 COLLATE utf8mb4_bin NOT NULL CHECK (json_valid(`product_id`)),
  `discount_price` decimal(8,2) DEFAULT NULL,
  `buy_quantity` int(11) NOT NULL DEFAULT 1,
  `get_quantity` int(11) DEFAULT 0,
  `created_at` timestamp NULL DEFAULT NULL,
  `updated_at` timestamp NULL DEFAULT NULL
) ENGINE=InnoDB DEFAULT CHARSET=utf8mb4 COLLATE=utf8mb4_unicode_ci;

-- --------------------------------------------------------

--
-- Table structure for table `bundle_offer_tiers`
--

CREATE TABLE `bundle_offer_tiers` (
  `id` bigint(20) UNSIGNED NOT NULL,
  `bundle_offer_id` bigint(20) UNSIGNED NOT NULL,
  `buy_quantity` int(11) NOT NULL COMMENT 'e.g., User must buy this many items',
  `offer_price` decimal(10,2) NOT NULL,
  `get_quantity` int(11) NOT NULL DEFAULT 0 COMMENT 'e.g., User gets this many items free',
  `created_at` timestamp NULL DEFAULT NULL,
  `updated_at` timestamp NULL DEFAULT NULL
) ENGINE=InnoDB DEFAULT CHARSET=utf8mb4 COLLATE=utf8mb4_unicode_ci;

-- --------------------------------------------------------

--
-- Table structure for table `cache`
--

CREATE TABLE `cache` (
  `key` varchar(255) NOT NULL,
  `value` mediumtext NOT NULL,
  `expiration` int(11) NOT NULL
) ENGINE=InnoDB DEFAULT CHARSET=utf8mb4 COLLATE=utf8mb4_unicode_ci;

--
-- Dumping data for table `cache`
--

INSERT INTO `cache` (`key`, `value`, `expiration`) VALUES
('laravel_cache_spatie.permission.cache', 'a:3:{s:5:\"alias\";a:5:{s:1:\"a\";s:2:\"id\";s:1:\"b\";s:10:\"group_name\";s:1:\"c\";s:4:\"name\";s:1:\"d\";s:10:\"guard_name\";s:1:\"r\";s:5:\"roles\";}s:11:\"permissions\";a:168:{i:0;a:5:{s:1:\"a\";i:1;s:1:\"b\";s:4:\"role\";s:1:\"c\";s:8:\"roleView\";s:1:\"d\";s:3:\"web\";s:1:\"r\";a:1:{i:0;i:1;}}i:1;a:5:{s:1:\"a\";i:2;s:1:\"b\";s:4:\"role\";s:1:\"c\";s:7:\"roleAdd\";s:1:\"d\";s:3:\"web\";s:1:\"r\";a:1:{i:0;i:1;}}i:2;a:5:{s:1:\"a\";i:3;s:1:\"b\";s:4:\"role\";s:1:\"c\";s:8:\"roleEdit\";s:1:\"d\";s:3:\"web\";s:1:\"r\";a:1:{i:0;i:1;}}i:3;a:5:{s:1:\"a\";i:4;s:1:\"b\";s:4:\"role\";s:1:\"c\";s:10:\"roleDelete\";s:1:\"d\";s:3:\"web\";s:1:\"r\";a:1:{i:0;i:1;}}i:4;a:5:{s:1:\"a\";i:5;s:1:\"b\";s:4:\"user\";s:1:\"c\";s:7:\"userAdd\";s:1:\"d\";s:3:\"web\";s:1:\"r\";a:1:{i:0;i:1;}}i:5;a:5:{s:1:\"a\";i:6;s:1:\"b\";s:4:\"user\";s:1:\"c\";s:8:\"userView\";s:1:\"d\";s:3:\"web\";s:1:\"r\";a:1:{i:0;i:1;}}i:6;a:5:{s:1:\"a\";i:7;s:1:\"b\";s:4:\"user\";s:1:\"c\";s:10:\"userDelete\";s:1:\"d\";s:3:\"web\";s:1:\"r\";a:1:{i:0;i:1;}}i:7;a:5:{s:1:\"a\";i:8;s:1:\"b\";s:4:\"user\";s:1:\"c\";s:10:\"userUpdate\";s:1:\"d\";s:3:\"web\";s:1:\"r\";a:1:{i:0;i:1;}}i:8;a:5:{s:1:\"a\";i:9;s:1:\"b\";s:10:\"permission\";s:1:\"c\";s:13:\"permissionAdd\";s:1:\"d\";s:3:\"web\";s:1:\"r\";a:1:{i:0;i:1;}}i:9;a:5:{s:1:\"a\";i:10;s:1:\"b\";s:10:\"permission\";s:1:\"c\";s:14:\"permissionView\";s:1:\"d\";s:3:\"web\";s:1:\"r\";a:1:{i:0;i:1;}}i:10;a:5:{s:1:\"a\";i:11;s:1:\"b\";s:10:\"permission\";s:1:\"c\";s:16:\"permissionDelete\";s:1:\"d\";s:3:\"web\";s:1:\"r\";a:1:{i:0;i:1;}}i:11;a:5:{s:1:\"a\";i:12;s:1:\"b\";s:10:\"permission\";s:1:\"c\";s:16:\"permissionUpdate\";s:1:\"d\";s:3:\"web\";s:1:\"r\";a:1:{i:0;i:1;}}i:12;a:5:{s:1:\"a\";i:13;s:1:\"b\";s:7:\"profile\";s:1:\"c\";s:11:\"profileView\";s:1:\"d\";s:3:\"web\";s:1:\"r\";a:1:{i:0;i:1;}}i:13;a:5:{s:1:\"a\";i:14;s:1:\"b\";s:7:\"profile\";s:1:\"c\";s:14:\"profileSetting\";s:1:\"d\";s:3:\"web\";s:1:\"r\";a:1:{i:0;i:1;}}i:14;a:5:{s:1:\"a\";i:15;s:1:\"b\";s:9:\"dashboard\";s:1:\"c\";s:13:\"dashboardView\";s:1:\"d\";s:3:\"web\";s:1:\"r\";a:1:{i:0;i:1;}}i:15;a:5:{s:1:\"a\";i:16;s:1:\"b\";s:6:\"branch\";s:1:\"c\";s:9:\"branchAdd\";s:1:\"d\";s:3:\"web\";s:1:\"r\";a:1:{i:0;i:1;}}i:16;a:5:{s:1:\"a\";i:17;s:1:\"b\";s:6:\"branch\";s:1:\"c\";s:10:\"branchView\";s:1:\"d\";s:3:\"web\";s:1:\"r\";a:1:{i:0;i:1;}}i:17;a:5:{s:1:\"a\";i:18;s:1:\"b\";s:6:\"branch\";s:1:\"c\";s:12:\"branchDelete\";s:1:\"d\";s:3:\"web\";s:1:\"r\";a:1:{i:0;i:1;}}i:18;a:5:{s:1:\"a\";i:19;s:1:\"b\";s:6:\"branch\";s:1:\"c\";s:12:\"branchUpdate\";s:1:\"d\";s:3:\"web\";s:1:\"r\";a:1:{i:0;i:1;}}i:19;a:5:{s:1:\"a\";i:20;s:1:\"b\";s:11:\"designation\";s:1:\"c\";s:14:\"designationAdd\";s:1:\"d\";s:3:\"web\";s:1:\"r\";a:1:{i:0;i:1;}}i:20;a:5:{s:1:\"a\";i:21;s:1:\"b\";s:11:\"designation\";s:1:\"c\";s:15:\"designationView\";s:1:\"d\";s:3:\"web\";s:1:\"r\";a:1:{i:0;i:1;}}i:21;a:5:{s:1:\"a\";i:22;s:1:\"b\";s:11:\"designation\";s:1:\"c\";s:17:\"designationDelete\";s:1:\"d\";s:3:\"web\";s:1:\"r\";a:1:{i:0;i:1;}}i:22;a:5:{s:1:\"a\";i:23;s:1:\"b\";s:11:\"designation\";s:1:\"c\";s:17:\"designationUpdate\";s:1:\"d\";s:3:\"web\";s:1:\"r\";a:1:{i:0;i:1;}}i:23;a:5:{s:1:\"a\";i:24;s:1:\"b\";s:12:\"panelSetting\";s:1:\"c\";s:15:\"panelSettingAdd\";s:1:\"d\";s:3:\"web\";s:1:\"r\";a:1:{i:0;i:1;}}i:24;a:5:{s:1:\"a\";i:25;s:1:\"b\";s:12:\"panelSetting\";s:1:\"c\";s:16:\"panelSettingView\";s:1:\"d\";s:3:\"web\";s:1:\"r\";a:1:{i:0;i:1;}}i:25;a:5:{s:1:\"a\";i:26;s:1:\"b\";s:12:\"panelSetting\";s:1:\"c\";s:18:\"panelSettingDelete\";s:1:\"d\";s:3:\"web\";s:1:\"r\";a:1:{i:0;i:1;}}i:26;a:5:{s:1:\"a\";i:27;s:1:\"b\";s:12:\"panelSetting\";s:1:\"c\";s:18:\"panelSettingUpdate\";s:1:\"d\";s:3:\"web\";s:1:\"r\";a:1:{i:0;i:1;}}i:27;a:5:{s:1:\"a\";i:30;s:1:\"b\";s:8:\"category\";s:1:\"c\";s:11:\"categoryAdd\";s:1:\"d\";s:3:\"web\";s:1:\"r\";a:1:{i:0;i:1;}}i:28;a:5:{s:1:\"a\";i:31;s:1:\"b\";s:8:\"category\";s:1:\"c\";s:12:\"categoryView\";s:1:\"d\";s:3:\"web\";s:1:\"r\";a:1:{i:0;i:1;}}i:29;a:5:{s:1:\"a\";i:32;s:1:\"b\";s:8:\"category\";s:1:\"c\";s:14:\"categoryDelete\";s:1:\"d\";s:3:\"web\";s:1:\"r\";a:1:{i:0;i:1;}}i:30;a:5:{s:1:\"a\";i:33;s:1:\"b\";s:8:\"category\";s:1:\"c\";s:14:\"categoryUpdate\";s:1:\"d\";s:3:\"web\";s:1:\"r\";a:1:{i:0;i:1;}}i:31;a:5:{s:1:\"a\";i:42;s:1:\"b\";s:4:\"unit\";s:1:\"c\";s:7:\"unitAdd\";s:1:\"d\";s:3:\"web\";s:1:\"r\";a:1:{i:0;i:1;}}i:32;a:5:{s:1:\"a\";i:43;s:1:\"b\";s:4:\"unit\";s:1:\"c\";s:8:\"unitView\";s:1:\"d\";s:3:\"web\";s:1:\"r\";a:1:{i:0;i:1;}}i:33;a:5:{s:1:\"a\";i:44;s:1:\"b\";s:4:\"unit\";s:1:\"c\";s:10:\"unitDelete\";s:1:\"d\";s:3:\"web\";s:1:\"r\";a:1:{i:0;i:1;}}i:34;a:5:{s:1:\"a\";i:45;s:1:\"b\";s:4:\"unit\";s:1:\"c\";s:10:\"unitUpdate\";s:1:\"d\";s:3:\"web\";s:1:\"r\";a:1:{i:0;i:1;}}i:35;a:5:{s:1:\"a\";i:48;s:1:\"b\";s:5:\"brand\";s:1:\"c\";s:8:\"brandAdd\";s:1:\"d\";s:3:\"web\";s:1:\"r\";a:1:{i:0;i:1;}}i:36;a:5:{s:1:\"a\";i:49;s:1:\"b\";s:5:\"brand\";s:1:\"c\";s:9:\"brandView\";s:1:\"d\";s:3:\"web\";s:1:\"r\";a:1:{i:0;i:1;}}i:37;a:5:{s:1:\"a\";i:50;s:1:\"b\";s:5:\"brand\";s:1:\"c\";s:11:\"brandUpdate\";s:1:\"d\";s:3:\"web\";s:1:\"r\";a:1:{i:0;i:1;}}i:38;a:5:{s:1:\"a\";i:51;s:1:\"b\";s:5:\"brand\";s:1:\"c\";s:11:\"brandDelete\";s:1:\"d\";s:3:\"web\";s:1:\"r\";a:1:{i:0;i:1;}}i:39;a:5:{s:1:\"a\";i:53;s:1:\"b\";s:17:\"animationCategory\";s:1:\"c\";s:20:\"animationCategoryAdd\";s:1:\"d\";s:3:\"web\";s:1:\"r\";a:1:{i:0;i:1;}}i:40;a:5:{s:1:\"a\";i:54;s:1:\"b\";s:17:\"animationCategory\";s:1:\"c\";s:21:\"animationCategoryView\";s:1:\"d\";s:3:\"web\";s:1:\"r\";a:1:{i:0;i:1;}}i:41;a:5:{s:1:\"a\";i:55;s:1:\"b\";s:17:\"animationCategory\";s:1:\"c\";s:23:\"animationCategoryDelete\";s:1:\"d\";s:3:\"web\";s:1:\"r\";a:1:{i:0;i:1;}}i:42;a:5:{s:1:\"a\";i:56;s:1:\"b\";s:17:\"animationCategory\";s:1:\"c\";s:23:\"animationCategoryUpdate\";s:1:\"d\";s:3:\"web\";s:1:\"r\";a:1:{i:0;i:1;}}i:43;a:5:{s:1:\"a\";i:57;s:1:\"b\";s:11:\"subCategory\";s:1:\"c\";s:14:\"subcategoryAdd\";s:1:\"d\";s:3:\"web\";s:1:\"r\";a:1:{i:0;i:1;}}i:44;a:5:{s:1:\"a\";i:58;s:1:\"b\";s:11:\"subCategory\";s:1:\"c\";s:15:\"subcategoryView\";s:1:\"d\";s:3:\"web\";s:1:\"r\";a:1:{i:0;i:1;}}i:45;a:5:{s:1:\"a\";i:59;s:1:\"b\";s:11:\"subCategory\";s:1:\"c\";s:17:\"subcategoryDelete\";s:1:\"d\";s:3:\"web\";s:1:\"r\";a:1:{i:0;i:1;}}i:46;a:5:{s:1:\"a\";i:60;s:1:\"b\";s:11:\"subCategory\";s:1:\"c\";s:17:\"subcategoryUpdate\";s:1:\"d\";s:3:\"web\";s:1:\"r\";a:1:{i:0;i:1;}}i:47;a:5:{s:1:\"a\";i:61;s:1:\"b\";s:15:\"sub-subcategory\";s:1:\"c\";s:18:\"sub-subcategoryAdd\";s:1:\"d\";s:3:\"web\";s:1:\"r\";a:1:{i:0;i:1;}}i:48;a:5:{s:1:\"a\";i:62;s:1:\"b\";s:15:\"sub-subcategory\";s:1:\"c\";s:19:\"sub-subcategoryView\";s:1:\"d\";s:3:\"web\";s:1:\"r\";a:1:{i:0;i:1;}}i:49;a:5:{s:1:\"a\";i:63;s:1:\"b\";s:15:\"sub-subcategory\";s:1:\"c\";s:21:\"sub-subcategoryDelete\";s:1:\"d\";s:3:\"web\";s:1:\"r\";a:1:{i:0;i:1;}}i:50;a:5:{s:1:\"a\";i:64;s:1:\"b\";s:15:\"sub-subcategory\";s:1:\"c\";s:21:\"sub-subcategoryUpdate\";s:1:\"d\";s:3:\"web\";s:1:\"r\";a:1:{i:0;i:1;}}i:51;a:5:{s:1:\"a\";i:65;s:1:\"b\";s:6:\"fabric\";s:1:\"c\";s:9:\"fabricAdd\";s:1:\"d\";s:3:\"web\";s:1:\"r\";a:1:{i:0;i:1;}}i:52;a:5:{s:1:\"a\";i:66;s:1:\"b\";s:6:\"fabric\";s:1:\"c\";s:10:\"fabricView\";s:1:\"d\";s:3:\"web\";s:1:\"r\";a:1:{i:0;i:1;}}i:53;a:5:{s:1:\"a\";i:67;s:1:\"b\";s:6:\"fabric\";s:1:\"c\";s:12:\"fabricDelete\";s:1:\"d\";s:3:\"web\";s:1:\"r\";a:1:{i:0;i:1;}}i:54;a:5:{s:1:\"a\";i:68;s:1:\"b\";s:6:\"fabric\";s:1:\"c\";s:12:\"fabricUpdate\";s:1:\"d\";s:3:\"web\";s:1:\"r\";a:1:{i:0;i:1;}}i:55;a:5:{s:1:\"a\";i:69;s:1:\"b\";s:4:\"size\";s:1:\"c\";s:7:\"sizeAdd\";s:1:\"d\";s:3:\"web\";s:1:\"r\";a:1:{i:0;i:1;}}i:56;a:5:{s:1:\"a\";i:70;s:1:\"b\";s:4:\"size\";s:1:\"c\";s:8:\"sizeView\";s:1:\"d\";s:3:\"web\";s:1:\"r\";a:1:{i:0;i:1;}}i:57;a:5:{s:1:\"a\";i:71;s:1:\"b\";s:4:\"size\";s:1:\"c\";s:10:\"sizeDelete\";s:1:\"d\";s:3:\"web\";s:1:\"r\";a:1:{i:0;i:1;}}i:58;a:5:{s:1:\"a\";i:72;s:1:\"b\";s:4:\"size\";s:1:\"c\";s:10:\"sizeUpdate\";s:1:\"d\";s:3:\"web\";s:1:\"r\";a:1:{i:0;i:1;}}i:59;a:5:{s:1:\"a\";i:73;s:1:\"b\";s:5:\"color\";s:1:\"c\";s:8:\"colorAdd\";s:1:\"d\";s:3:\"web\";s:1:\"r\";a:1:{i:0;i:1;}}i:60;a:5:{s:1:\"a\";i:74;s:1:\"b\";s:5:\"color\";s:1:\"c\";s:9:\"colorView\";s:1:\"d\";s:3:\"web\";s:1:\"r\";a:1:{i:0;i:1;}}i:61;a:5:{s:1:\"a\";i:75;s:1:\"b\";s:5:\"color\";s:1:\"c\";s:11:\"colorDelete\";s:1:\"d\";s:3:\"web\";s:1:\"r\";a:1:{i:0;i:1;}}i:62;a:5:{s:1:\"a\";i:76;s:1:\"b\";s:5:\"color\";s:1:\"c\";s:11:\"colorUpdate\";s:1:\"d\";s:3:\"web\";s:1:\"r\";a:1:{i:0;i:1;}}i:63;a:5:{s:1:\"a\";i:81;s:1:\"b\";s:9:\"sizeChart\";s:1:\"c\";s:12:\"sizeChartAdd\";s:1:\"d\";s:3:\"web\";s:1:\"r\";a:1:{i:0;i:1;}}i:64;a:5:{s:1:\"a\";i:82;s:1:\"b\";s:9:\"sizeChart\";s:1:\"c\";s:13:\"sizeChartView\";s:1:\"d\";s:3:\"web\";s:1:\"r\";a:1:{i:0;i:1;}}i:65;a:5:{s:1:\"a\";i:83;s:1:\"b\";s:9:\"sizeChart\";s:1:\"c\";s:15:\"sizeChartDelete\";s:1:\"d\";s:3:\"web\";s:1:\"r\";a:1:{i:0;i:1;}}i:66;a:5:{s:1:\"a\";i:84;s:1:\"b\";s:9:\"sizeChart\";s:1:\"c\";s:15:\"sizeChartUpdate\";s:1:\"d\";s:3:\"web\";s:1:\"r\";a:1:{i:0;i:1;}}i:67;a:5:{s:1:\"a\";i:85;s:1:\"b\";s:7:\"product\";s:1:\"c\";s:10:\"productAdd\";s:1:\"d\";s:3:\"web\";s:1:\"r\";a:1:{i:0;i:1;}}i:68;a:5:{s:1:\"a\";i:86;s:1:\"b\";s:7:\"product\";s:1:\"c\";s:11:\"productView\";s:1:\"d\";s:3:\"web\";s:1:\"r\";a:1:{i:0;i:1;}}i:69;a:5:{s:1:\"a\";i:87;s:1:\"b\";s:7:\"product\";s:1:\"c\";s:13:\"productDelete\";s:1:\"d\";s:3:\"web\";s:1:\"r\";a:1:{i:0;i:1;}}i:70;a:5:{s:1:\"a\";i:88;s:1:\"b\";s:7:\"product\";s:1:\"c\";s:13:\"productUpdate\";s:1:\"d\";s:3:\"web\";s:1:\"r\";a:1:{i:0;i:1;}}i:71;a:5:{s:1:\"a\";i:89;s:1:\"b\";s:7:\"barcode\";s:1:\"c\";s:11:\"barcodeView\";s:1:\"d\";s:3:\"web\";s:1:\"r\";a:1:{i:0;i:1;}}i:72;a:5:{s:1:\"a\";i:90;s:1:\"b\";s:6:\"header\";s:1:\"c\";s:9:\"headerAdd\";s:1:\"d\";s:3:\"web\";s:1:\"r\";a:1:{i:0;i:1;}}i:73;a:5:{s:1:\"a\";i:91;s:1:\"b\";s:6:\"header\";s:1:\"c\";s:10:\"headerView\";s:1:\"d\";s:3:\"web\";s:1:\"r\";a:1:{i:0;i:1;}}i:74;a:5:{s:1:\"a\";i:92;s:1:\"b\";s:6:\"header\";s:1:\"c\";s:12:\"headerDelete\";s:1:\"d\";s:3:\"web\";s:1:\"r\";a:1:{i:0;i:1;}}i:75;a:5:{s:1:\"a\";i:93;s:1:\"b\";s:6:\"header\";s:1:\"c\";s:12:\"headerUpdate\";s:1:\"d\";s:3:\"web\";s:1:\"r\";a:1:{i:0;i:1;}}i:76;a:5:{s:1:\"a\";i:94;s:1:\"b\";s:12:\"bundle offer\";s:1:\"c\";s:14:\"bundleofferAdd\";s:1:\"d\";s:3:\"web\";s:1:\"r\";a:1:{i:0;i:1;}}i:77;a:5:{s:1:\"a\";i:95;s:1:\"b\";s:12:\"bundle offer\";s:1:\"c\";s:15:\"bundleofferView\";s:1:\"d\";s:3:\"web\";s:1:\"r\";a:1:{i:0;i:1;}}i:78;a:5:{s:1:\"a\";i:96;s:1:\"b\";s:12:\"bundle offer\";s:1:\"c\";s:17:\"bundleofferDelete\";s:1:\"d\";s:3:\"web\";s:1:\"r\";a:1:{i:0;i:1;}}i:79;a:5:{s:1:\"a\";i:97;s:1:\"b\";s:12:\"bundle offer\";s:1:\"c\";s:17:\"bundleofferUpdate\";s:1:\"d\";s:3:\"web\";s:1:\"r\";a:1:{i:0;i:1;}}i:80;a:5:{s:1:\"a\";i:98;s:1:\"b\";s:11:\"offerDetail\";s:1:\"c\";s:14:\"offerDetailAdd\";s:1:\"d\";s:3:\"web\";s:1:\"r\";a:1:{i:0;i:1;}}i:81;a:5:{s:1:\"a\";i:99;s:1:\"b\";s:11:\"offerDetail\";s:1:\"c\";s:15:\"offerDetailView\";s:1:\"d\";s:3:\"web\";s:1:\"r\";a:1:{i:0;i:1;}}i:82;a:5:{s:1:\"a\";i:100;s:1:\"b\";s:11:\"offerDetail\";s:1:\"c\";s:17:\"offerDetailDelete\";s:1:\"d\";s:3:\"web\";s:1:\"r\";a:1:{i:0;i:1;}}i:83;a:5:{s:1:\"a\";i:101;s:1:\"b\";s:11:\"offerDetail\";s:1:\"c\";s:17:\"offerDetailUpdate\";s:1:\"d\";s:3:\"web\";s:1:\"r\";a:1:{i:0;i:1;}}i:84;a:5:{s:1:\"a\";i:102;s:1:\"b\";s:7:\"sideBar\";s:1:\"c\";s:11:\"sideBarView\";s:1:\"d\";s:3:\"web\";s:1:\"r\";a:1:{i:0;i:1;}}i:85;a:5:{s:1:\"a\";i:103;s:1:\"b\";s:19:\"offerSectionControl\";s:1:\"c\";s:23:\"offerSectionControlView\";s:1:\"d\";s:3:\"web\";s:1:\"r\";a:1:{i:0;i:1;}}i:86;a:5:{s:1:\"a\";i:104;s:1:\"b\";s:13:\"sliderSection\";s:1:\"c\";s:17:\"sliderSectionView\";s:1:\"d\";s:3:\"web\";s:1:\"r\";a:1:{i:0;i:1;}}i:87;a:5:{s:1:\"a\";i:106;s:1:\"b\";s:9:\"extraPage\";s:1:\"c\";s:12:\"extraPageAdd\";s:1:\"d\";s:3:\"web\";s:1:\"r\";a:1:{i:0;i:1;}}i:88;a:5:{s:1:\"a\";i:107;s:1:\"b\";s:9:\"extraPage\";s:1:\"c\";s:13:\"extraPageView\";s:1:\"d\";s:3:\"web\";s:1:\"r\";a:1:{i:0;i:1;}}i:89;a:5:{s:1:\"a\";i:108;s:1:\"b\";s:9:\"extraPage\";s:1:\"c\";s:15:\"extraPageDelete\";s:1:\"d\";s:3:\"web\";s:1:\"r\";a:1:{i:0;i:1;}}i:90;a:5:{s:1:\"a\";i:109;s:1:\"b\";s:9:\"extraPage\";s:1:\"c\";s:15:\"extraPageUpdate\";s:1:\"d\";s:3:\"web\";s:1:\"r\";a:1:{i:0;i:1;}}i:91;a:5:{s:1:\"a\";i:110;s:1:\"b\";s:7:\"message\";s:1:\"c\";s:10:\"messageAdd\";s:1:\"d\";s:3:\"web\";s:1:\"r\";a:1:{i:0;i:1;}}i:92;a:5:{s:1:\"a\";i:111;s:1:\"b\";s:7:\"message\";s:1:\"c\";s:11:\"messageView\";s:1:\"d\";s:3:\"web\";s:1:\"r\";a:1:{i:0;i:1;}}i:93;a:5:{s:1:\"a\";i:112;s:1:\"b\";s:7:\"message\";s:1:\"c\";s:13:\"messageDelete\";s:1:\"d\";s:3:\"web\";s:1:\"r\";a:1:{i:0;i:1;}}i:94;a:5:{s:1:\"a\";i:113;s:1:\"b\";s:7:\"message\";s:1:\"c\";s:13:\"messageUpdate\";s:1:\"d\";s:3:\"web\";s:1:\"r\";a:1:{i:0;i:1;}}i:95;a:5:{s:1:\"a\";i:114;s:1:\"b\";s:7:\"aboutUs\";s:1:\"c\";s:10:\"aboutUsAdd\";s:1:\"d\";s:3:\"web\";s:1:\"r\";a:1:{i:0;i:1;}}i:96;a:5:{s:1:\"a\";i:115;s:1:\"b\";s:7:\"aboutUs\";s:1:\"c\";s:11:\"aboutUsView\";s:1:\"d\";s:3:\"web\";s:1:\"r\";a:1:{i:0;i:1;}}i:97;a:5:{s:1:\"a\";i:116;s:1:\"b\";s:7:\"aboutUs\";s:1:\"c\";s:13:\"aboutUsDelete\";s:1:\"d\";s:3:\"web\";s:1:\"r\";a:1:{i:0;i:1;}}i:98;a:5:{s:1:\"a\";i:117;s:1:\"b\";s:7:\"aboutUs\";s:1:\"c\";s:13:\"aboutUsUpdate\";s:1:\"d\";s:3:\"web\";s:1:\"r\";a:1:{i:0;i:1;}}i:99;a:5:{s:1:\"a\";i:118;s:1:\"b\";s:10:\"socialLink\";s:1:\"c\";s:13:\"socialLinkAdd\";s:1:\"d\";s:3:\"web\";s:1:\"r\";a:1:{i:0;i:1;}}i:100;a:5:{s:1:\"a\";i:119;s:1:\"b\";s:10:\"socialLink\";s:1:\"c\";s:14:\"socialLinkView\";s:1:\"d\";s:3:\"web\";s:1:\"r\";a:1:{i:0;i:1;}}i:101;a:5:{s:1:\"a\";i:120;s:1:\"b\";s:10:\"socialLink\";s:1:\"c\";s:16:\"socialLinkDelete\";s:1:\"d\";s:3:\"web\";s:1:\"r\";a:1:{i:0;i:1;}}i:102;a:5:{s:1:\"a\";i:121;s:1:\"b\";s:10:\"socialLink\";s:1:\"c\";s:16:\"socialLinkUpdate\";s:1:\"d\";s:3:\"web\";s:1:\"r\";a:1:{i:0;i:1;}}i:103;a:5:{s:1:\"a\";i:122;s:1:\"b\";s:8:\"customer\";s:1:\"c\";s:11:\"customerAdd\";s:1:\"d\";s:3:\"web\";s:1:\"r\";a:1:{i:0;i:1;}}i:104;a:5:{s:1:\"a\";i:123;s:1:\"b\";s:8:\"customer\";s:1:\"c\";s:12:\"customerView\";s:1:\"d\";s:3:\"web\";s:1:\"r\";a:1:{i:0;i:1;}}i:105;a:5:{s:1:\"a\";i:124;s:1:\"b\";s:8:\"customer\";s:1:\"c\";s:14:\"customerDelete\";s:1:\"d\";s:3:\"web\";s:1:\"r\";a:1:{i:0;i:1;}}i:106;a:5:{s:1:\"a\";i:125;s:1:\"b\";s:8:\"customer\";s:1:\"c\";s:14:\"customerUpdate\";s:1:\"d\";s:3:\"web\";s:1:\"r\";a:1:{i:0;i:1;}}i:107;a:5:{s:1:\"a\";i:126;s:1:\"b\";s:7:\"invoice\";s:1:\"c\";s:10:\"invoiceAdd\";s:1:\"d\";s:3:\"web\";s:1:\"r\";a:1:{i:0;i:1;}}i:108;a:5:{s:1:\"a\";i:127;s:1:\"b\";s:7:\"invoice\";s:1:\"c\";s:11:\"invoiceView\";s:1:\"d\";s:3:\"web\";s:1:\"r\";a:1:{i:0;i:1;}}i:109;a:5:{s:1:\"a\";i:128;s:1:\"b\";s:7:\"invoice\";s:1:\"c\";s:13:\"invoiceDelete\";s:1:\"d\";s:3:\"web\";s:1:\"r\";a:1:{i:0;i:1;}}i:110;a:5:{s:1:\"a\";i:129;s:1:\"b\";s:7:\"invoice\";s:1:\"c\";s:13:\"invoiceUpdate\";s:1:\"d\";s:3:\"web\";s:1:\"r\";a:1:{i:0;i:1;}}i:111;a:5:{s:1:\"a\";i:130;s:1:\"b\";s:6:\"coupon\";s:1:\"c\";s:9:\"couponAdd\";s:1:\"d\";s:3:\"web\";s:1:\"r\";a:1:{i:0;i:1;}}i:112;a:5:{s:1:\"a\";i:131;s:1:\"b\";s:6:\"coupon\";s:1:\"c\";s:10:\"couponView\";s:1:\"d\";s:3:\"web\";s:1:\"r\";a:1:{i:0;i:1;}}i:113;a:5:{s:1:\"a\";i:132;s:1:\"b\";s:6:\"coupon\";s:1:\"c\";s:12:\"couponDelete\";s:1:\"d\";s:3:\"web\";s:1:\"r\";a:1:{i:0;i:1;}}i:114;a:5:{s:1:\"a\";i:133;s:1:\"b\";s:6:\"coupon\";s:1:\"c\";s:12:\"couponUpdate\";s:1:\"d\";s:3:\"web\";s:1:\"r\";a:1:{i:0;i:1;}}i:115;a:5:{s:1:\"a\";i:134;s:1:\"b\";s:11:\"rewardPoint\";s:1:\"c\";s:14:\"rewardPointAdd\";s:1:\"d\";s:3:\"web\";s:1:\"r\";a:1:{i:0;i:1;}}i:116;a:5:{s:1:\"a\";i:135;s:1:\"b\";s:11:\"rewardPoint\";s:1:\"c\";s:15:\"rewardPointView\";s:1:\"d\";s:3:\"web\";s:1:\"r\";a:1:{i:0;i:1;}}i:117;a:5:{s:1:\"a\";i:136;s:1:\"b\";s:11:\"rewardPoint\";s:1:\"c\";s:17:\"rewardPointDelete\";s:1:\"d\";s:3:\"web\";s:1:\"r\";a:1:{i:0;i:1;}}i:118;a:5:{s:1:\"a\";i:137;s:1:\"b\";s:11:\"rewardPoint\";s:1:\"c\";s:17:\"rewardPointUpdate\";s:1:\"d\";s:3:\"web\";s:1:\"r\";a:1:{i:0;i:1;}}i:119;a:5:{s:1:\"a\";i:138;s:1:\"b\";s:16:\"expense-category\";s:1:\"c\";s:19:\"expense-categoryAdd\";s:1:\"d\";s:3:\"web\";s:1:\"r\";a:1:{i:0;i:1;}}i:120;a:5:{s:1:\"a\";i:139;s:1:\"b\";s:16:\"expense-category\";s:1:\"c\";s:20:\"expense-categoryView\";s:1:\"d\";s:3:\"web\";s:1:\"r\";a:1:{i:0;i:1;}}i:121;a:5:{s:1:\"a\";i:140;s:1:\"b\";s:16:\"expense-category\";s:1:\"c\";s:22:\"expense-categoryDelete\";s:1:\"d\";s:3:\"web\";s:1:\"r\";a:1:{i:0;i:1;}}i:122;a:5:{s:1:\"a\";i:141;s:1:\"b\";s:16:\"expense-category\";s:1:\"c\";s:22:\"expense-categoryUpdate\";s:1:\"d\";s:3:\"web\";s:1:\"r\";a:1:{i:0;i:1;}}i:123;a:5:{s:1:\"a\";i:142;s:1:\"b\";s:7:\"expense\";s:1:\"c\";s:10:\"expenseAdd\";s:1:\"d\";s:3:\"web\";s:1:\"r\";a:1:{i:0;i:1;}}i:124;a:5:{s:1:\"a\";i:143;s:1:\"b\";s:7:\"expense\";s:1:\"c\";s:11:\"expenseView\";s:1:\"d\";s:3:\"web\";s:1:\"r\";a:1:{i:0;i:1;}}i:125;a:5:{s:1:\"a\";i:144;s:1:\"b\";s:7:\"expense\";s:1:\"c\";s:13:\"expenseDelete\";s:1:\"d\";s:3:\"web\";s:1:\"r\";a:1:{i:0;i:1;}}i:126;a:5:{s:1:\"a\";i:145;s:1:\"b\";s:7:\"expense\";s:1:\"c\";s:13:\"expenseUpdate\";s:1:\"d\";s:3:\"web\";s:1:\"r\";a:1:{i:0;i:1;}}i:127;a:5:{s:1:\"a\";i:146;s:1:\"b\";s:6:\"report\";s:1:\"c\";s:9:\"reportAdd\";s:1:\"d\";s:3:\"web\";s:1:\"r\";a:1:{i:0;i:1;}}i:128;a:5:{s:1:\"a\";i:147;s:1:\"b\";s:6:\"report\";s:1:\"c\";s:10:\"reportView\";s:1:\"d\";s:3:\"web\";s:1:\"r\";a:1:{i:0;i:1;}}i:129;a:5:{s:1:\"a\";i:148;s:1:\"b\";s:6:\"report\";s:1:\"c\";s:12:\"reportDelete\";s:1:\"d\";s:3:\"web\";s:1:\"r\";a:1:{i:0;i:1;}}i:130;a:5:{s:1:\"a\";i:149;s:1:\"b\";s:6:\"report\";s:1:\"c\";s:12:\"reportUpdate\";s:1:\"d\";s:3:\"web\";s:1:\"r\";a:1:{i:0;i:1;}}i:131;a:5:{s:1:\"a\";i:150;s:1:\"b\";s:3:\"pos\";s:1:\"c\";s:6:\"posAdd\";s:1:\"d\";s:3:\"web\";s:1:\"r\";a:1:{i:0;i:1;}}i:132;a:5:{s:1:\"a\";i:151;s:1:\"b\";s:3:\"pos\";s:1:\"c\";s:7:\"posView\";s:1:\"d\";s:3:\"web\";s:1:\"r\";a:1:{i:0;i:1;}}i:133;a:5:{s:1:\"a\";i:152;s:1:\"b\";s:3:\"pos\";s:1:\"c\";s:9:\"posDelete\";s:1:\"d\";s:3:\"web\";s:1:\"r\";a:1:{i:0;i:1;}}i:134;a:5:{s:1:\"a\";i:153;s:1:\"b\";s:3:\"pos\";s:1:\"c\";s:9:\"posUpdate\";s:1:\"d\";s:3:\"web\";s:1:\"r\";a:1:{i:0;i:1;}}i:135;a:5:{s:1:\"a\";i:154;s:1:\"b\";s:5:\"stock\";s:1:\"c\";s:9:\"stockView\";s:1:\"d\";s:3:\"web\";s:1:\"r\";a:1:{i:0;i:1;}}i:136;a:5:{s:1:\"a\";i:155;s:1:\"b\";s:8:\"supplier\";s:1:\"c\";s:11:\"supplierAdd\";s:1:\"d\";s:3:\"web\";s:1:\"r\";a:1:{i:0;i:1;}}i:137;a:5:{s:1:\"a\";i:156;s:1:\"b\";s:8:\"supplier\";s:1:\"c\";s:12:\"supplierView\";s:1:\"d\";s:3:\"web\";s:1:\"r\";a:1:{i:0;i:1;}}i:138;a:5:{s:1:\"a\";i:157;s:1:\"b\";s:8:\"supplier\";s:1:\"c\";s:14:\"supplierDelete\";s:1:\"d\";s:3:\"web\";s:1:\"r\";a:1:{i:0;i:1;}}i:139;a:5:{s:1:\"a\";i:158;s:1:\"b\";s:8:\"supplier\";s:1:\"c\";s:14:\"supplierUpdate\";s:1:\"d\";s:3:\"web\";s:1:\"r\";a:1:{i:0;i:1;}}i:140;a:5:{s:1:\"a\";i:159;s:1:\"b\";s:8:\"purchase\";s:1:\"c\";s:11:\"purchaseAdd\";s:1:\"d\";s:3:\"web\";s:1:\"r\";a:1:{i:0;i:1;}}i:141;a:5:{s:1:\"a\";i:160;s:1:\"b\";s:8:\"purchase\";s:1:\"c\";s:12:\"purchaseView\";s:1:\"d\";s:3:\"web\";s:1:\"r\";a:1:{i:0;i:1;}}i:142;a:5:{s:1:\"a\";i:161;s:1:\"b\";s:8:\"purchase\";s:1:\"c\";s:14:\"purchaseDelete\";s:1:\"d\";s:3:\"web\";s:1:\"r\";a:1:{i:0;i:1;}}i:143;a:5:{s:1:\"a\";i:162;s:1:\"b\";s:8:\"purchase\";s:1:\"c\";s:14:\"purchaseUpdate\";s:1:\"d\";s:3:\"web\";s:1:\"r\";a:1:{i:0;i:1;}}i:144;a:5:{s:1:\"a\";i:163;s:1:\"b\";s:14:\"anlyticSetting\";s:1:\"c\";s:18:\"anlyticSettingView\";s:1:\"d\";s:3:\"web\";s:1:\"r\";a:1:{i:0;i:1;}}i:145;a:5:{s:1:\"a\";i:164;s:1:\"b\";s:6:\"review\";s:1:\"c\";s:9:\"reviewAdd\";s:1:\"d\";s:3:\"web\";s:1:\"r\";a:1:{i:0;i:1;}}i:146;a:5:{s:1:\"a\";i:165;s:1:\"b\";s:6:\"review\";s:1:\"c\";s:10:\"reviewView\";s:1:\"d\";s:3:\"web\";s:1:\"r\";a:1:{i:0;i:1;}}i:147;a:5:{s:1:\"a\";i:166;s:1:\"b\";s:6:\"review\";s:1:\"c\";s:12:\"reviewDelete\";s:1:\"d\";s:3:\"web\";s:1:\"r\";a:1:{i:0;i:1;}}i:148;a:5:{s:1:\"a\";i:167;s:1:\"b\";s:6:\"review\";s:1:\"c\";s:12:\"reviewUpdate\";s:1:\"d\";s:3:\"web\";s:1:\"r\";a:1:{i:0;i:1;}}i:149;a:5:{s:1:\"a\";i:168;s:1:\"b\";s:7:\"Support\";s:1:\"c\";s:10:\"supportAdd\";s:1:\"d\";s:3:\"web\";s:1:\"r\";a:1:{i:0;i:1;}}i:150;a:5:{s:1:\"a\";i:169;s:1:\"b\";s:7:\"Support\";s:1:\"c\";s:11:\"supportView\";s:1:\"d\";s:3:\"web\";s:1:\"r\";a:1:{i:0;i:1;}}i:151;a:5:{s:1:\"a\";i:170;s:1:\"b\";s:7:\"Support\";s:1:\"c\";s:13:\"supportDelete\";s:1:\"d\";s:3:\"web\";s:1:\"r\";a:1:{i:0;i:1;}}i:152;a:5:{s:1:\"a\";i:171;s:1:\"b\";s:7:\"Support\";s:1:\"c\";s:13:\"supportUpdate\";s:1:\"d\";s:3:\"web\";s:1:\"r\";a:1:{i:0;i:1;}}i:153;a:5:{s:1:\"a\";i:172;s:1:\"b\";s:15:\"supportCategory\";s:1:\"c\";s:18:\"supportCategoryAdd\";s:1:\"d\";s:3:\"web\";s:1:\"r\";a:1:{i:0;i:1;}}i:154;a:5:{s:1:\"a\";i:173;s:1:\"b\";s:15:\"supportCategory\";s:1:\"c\";s:19:\"supportCategoryView\";s:1:\"d\";s:3:\"web\";s:1:\"r\";a:1:{i:0;i:1;}}i:155;a:5:{s:1:\"a\";i:174;s:1:\"b\";s:15:\"supportCategory\";s:1:\"c\";s:21:\"supportCategoryDelete\";s:1:\"d\";s:3:\"web\";s:1:\"r\";a:1:{i:0;i:1;}}i:156;a:5:{s:1:\"a\";i:176;s:1:\"b\";s:12:\"offerProduct\";s:1:\"c\";s:15:\"offerProductAdd\";s:1:\"d\";s:3:\"web\";s:1:\"r\";a:1:{i:0;i:1;}}i:157;a:5:{s:1:\"a\";i:177;s:1:\"b\";s:12:\"offerProduct\";s:1:\"c\";s:16:\"offerProductView\";s:1:\"d\";s:3:\"web\";s:1:\"r\";a:1:{i:0;i:1;}}i:158;a:5:{s:1:\"a\";i:178;s:1:\"b\";s:12:\"offerProduct\";s:1:\"c\";s:18:\"OfferProductDelete\";s:1:\"d\";s:3:\"web\";s:1:\"r\";a:1:{i:0;i:1;}}i:159;a:5:{s:1:\"a\";i:179;s:1:\"b\";s:12:\"offerProduct\";s:1:\"c\";s:18:\"OfferProductUpdate\";s:1:\"d\";s:3:\"web\";s:1:\"r\";a:1:{i:0;i:1;}}i:160;a:5:{s:1:\"a\";i:180;s:1:\"b\";s:11:\"offerBanner\";s:1:\"c\";s:14:\"offerBannerAdd\";s:1:\"d\";s:3:\"web\";s:1:\"r\";a:1:{i:0;i:1;}}i:161;a:5:{s:1:\"a\";i:181;s:1:\"b\";s:11:\"offerBanner\";s:1:\"c\";s:15:\"offerBannerView\";s:1:\"d\";s:3:\"web\";s:1:\"r\";a:1:{i:0;i:1;}}i:162;a:5:{s:1:\"a\";i:182;s:1:\"b\";s:11:\"offerBanner\";s:1:\"c\";s:17:\"offerBannerDelete\";s:1:\"d\";s:3:\"web\";s:1:\"r\";a:1:{i:0;i:1;}}i:163;a:5:{s:1:\"a\";i:183;s:1:\"b\";s:11:\"offerBanner\";s:1:\"c\";s:17:\"OfferBannerUpdate\";s:1:\"d\";s:3:\"web\";s:1:\"r\";a:1:{i:0;i:1;}}i:164;a:5:{s:1:\"a\";i:188;s:1:\"b\";s:6:\"slider\";s:1:\"c\";s:9:\"sliderAdd\";s:1:\"d\";s:3:\"web\";s:1:\"r\";a:1:{i:0;i:1;}}i:165;a:5:{s:1:\"a\";i:189;s:1:\"b\";s:6:\"slider\";s:1:\"c\";s:10:\"sliderView\";s:1:\"d\";s:3:\"web\";s:1:\"r\";a:1:{i:0;i:1;}}i:166;a:5:{s:1:\"a\";i:190;s:1:\"b\";s:6:\"slider\";s:1:\"c\";s:12:\"sliderDelete\";s:1:\"d\";s:3:\"web\";s:1:\"r\";a:1:{i:0;i:1;}}i:167;a:5:{s:1:\"a\";i:191;s:1:\"b\";s:6:\"slider\";s:1:\"c\";s:12:\"sliderUpdate\";s:1:\"d\";s:3:\"web\";s:1:\"r\";a:1:{i:0;i:1;}}}s:5:\"roles\";a:1:{i:0;a:3:{s:1:\"a\";i:1;s:1:\"c\";s:5:\"Admin\";s:1:\"d\";s:3:\"web\";}}}', 1756719348);

-- --------------------------------------------------------

--
-- Table structure for table `cache_locks`
--

CREATE TABLE `cache_locks` (
  `key` varchar(255) NOT NULL,
  `owner` varchar(255) NOT NULL,
  `expiration` int(11) NOT NULL
) ENGINE=InnoDB DEFAULT CHARSET=utf8mb4 COLLATE=utf8mb4_unicode_ci;

-- --------------------------------------------------------

--
-- Table structure for table `categories`
--

CREATE TABLE `categories` (
  `id` bigint(20) UNSIGNED NOT NULL,
  `name` varchar(255) NOT NULL,
  `slug` varchar(255) NOT NULL,
  `image` varchar(255) DEFAULT NULL,
  `status` tinyint(1) NOT NULL DEFAULT 1,
  `created_at` timestamp NULL DEFAULT NULL,
  `updated_at` timestamp NULL DEFAULT NULL
) ENGINE=InnoDB DEFAULT CHARSET=utf8mb4 COLLATE=utf8mb4_unicode_ci;

--
-- Dumping data for table `categories`
--

INSERT INTO `categories` (`id`, `name`, `slug`, `image`, `status`, `created_at`, `updated_at`) VALUES
(1, 'Wall Frames', 'wall-frames', 'uploads/categories/anim_cat_1756612005.png', 1, '2025-08-08 09:43:48', '2025-08-30 21:46:45'),
(2, 'Mens Watch', 'mens-watch', 'uploads/categories/anim_cat_1756611996.png', 1, '2025-08-09 09:02:33', '2025-08-30 21:46:36'),
(3, 'Leather Items', 'leather-items', 'uploads/categories/anim_cat_1756611902.png', 1, '2025-08-09 09:02:46', '2025-08-30 21:45:02'),
(4, 'Gadgets', 'gadgets', 'uploads/categories/anim_cat_1756611849.png', 1, '2025-08-09 09:03:19', '2025-08-30 21:44:14'),
(5, 'Mens T Shirt', 'mens-t-shirt', 'uploads/categories/anim_cat_1754988009.png', 1, '2025-08-09 09:03:38', '2025-08-30 21:43:07');

-- --------------------------------------------------------

--
-- Table structure for table `client_says`
--

CREATE TABLE `client_says` (
  `id` bigint(20) UNSIGNED NOT NULL,
  `title` varchar(255) NOT NULL,
  `des` longtext DEFAULT NULL,
  `youtube_video_link` longtext NOT NULL,
  `status` varchar(255) NOT NULL,
  `created_at` timestamp NULL DEFAULT NULL,
  `updated_at` timestamp NULL DEFAULT NULL
) ENGINE=InnoDB DEFAULT CHARSET=utf8mb4 COLLATE=utf8mb4_unicode_ci;

-- --------------------------------------------------------

--
-- Table structure for table `colors`
--

CREATE TABLE `colors` (
  `id` bigint(20) UNSIGNED NOT NULL,
  `name` varchar(255) NOT NULL,
  `code` varchar(255) DEFAULT NULL,
  `status` tinyint(1) NOT NULL DEFAULT 1,
  `created_at` timestamp NULL DEFAULT NULL,
  `updated_at` timestamp NULL DEFAULT NULL
) ENGINE=InnoDB DEFAULT CHARSET=utf8mb4 COLLATE=utf8mb4_unicode_ci;

--
-- Dumping data for table `colors`
--

INSERT INTO `colors` (`id`, `name`, `code`, `status`, `created_at`, `updated_at`) VALUES
(1, 'White', 'white', 1, '2025-08-09 09:44:49', '2025-08-09 09:44:49'),
(2, 'Red', '#c52232', 1, '2025-08-09 09:45:17', '2025-08-11 06:59:21'),
(3, 'Navy Blue', '#000080', 1, '2025-08-09 09:46:03', '2025-08-11 06:59:40'),
(4, 'Green', 'green', 1, '2025-08-09 09:46:22', '2025-08-09 09:47:01'),
(5, 'Grey', 'grey', 1, '2025-08-09 09:48:34', '2025-08-11 07:01:12'),
(6, 'Black', '#1f1d1d', 1, '2025-08-09 09:50:33', '2025-08-11 07:01:23'),
(7, 'lemon', '#93db88', 1, '2025-08-09 09:51:58', '2025-08-09 09:51:58'),
(8, 'Mint', '#6bdecd', 1, '2025-08-09 09:53:26', '2025-08-11 07:01:32'),
(9, 'Royal Blue', '#042b99', 1, '2025-08-09 09:54:42', '2025-08-09 09:54:42'),
(10, 'Hex', '#949b94', 1, '2025-08-09 09:55:29', '2025-08-09 09:55:29'),
(11, 'Sky Blue', '#9fc1eb', 1, '2025-08-09 10:11:51', '2025-08-09 10:11:51'),
(12, 'Maroon', '#2d1818', 1, '2025-08-09 10:12:44', '2025-08-09 10:12:44'),
(13, 'Orange', '#ee4d17', 1, '2025-08-09 10:13:20', '2025-08-09 10:13:20'),
(14, 'Light Violet', '#cf9fff', 1, '2025-08-09 10:14:33', '2025-08-09 10:14:33'),
(15, 'mixed', '#50a5f1', 1, '2025-08-09 10:15:30', '2025-08-09 10:15:30'),
(16, 'Light Grey', '#e1d7cb', 1, '2025-08-09 10:16:12', '2025-08-09 10:16:12'),
(17, 'Dead Lake', '#2f5b85', 1, '2025-08-09 10:17:24', '2025-08-09 10:17:24'),
(18, 'Olive', '#5a5a4e', 1, '2025-08-09 10:17:58', '2025-08-09 10:17:58'),
(19, 'Blue Gray', '#546b83', 1, '2025-08-09 10:18:59', '2025-08-09 10:18:59'),
(20, 'Light Paste', '#93a793', 1, '2025-08-09 10:19:28', '2025-08-09 10:19:28'),
(21, 'Indigo Blue', '#728e8e', 1, '2025-08-09 10:20:02', '2025-08-09 10:20:02');

-- --------------------------------------------------------

--
-- Table structure for table `contacts`
--

CREATE TABLE `contacts` (
  `id` bigint(20) UNSIGNED NOT NULL,
  `phone_one` varchar(255) NOT NULL,
  `phone_two` varchar(255) NOT NULL,
  `email_one` varchar(255) NOT NULL,
  `email_two` varchar(255) NOT NULL,
  `address_one` longtext NOT NULL,
  `address_two` longtext NOT NULL,
  `created_at` timestamp NULL DEFAULT NULL,
  `updated_at` timestamp NULL DEFAULT NULL
) ENGINE=InnoDB DEFAULT CHARSET=utf8mb4 COLLATE=utf8mb4_unicode_ci;

-- --------------------------------------------------------

--
-- Table structure for table `coupons`
--

CREATE TABLE `coupons` (
  `id` bigint(20) UNSIGNED NOT NULL,
  `code` varchar(255) NOT NULL,
  `type` enum('fixed','percent') NOT NULL DEFAULT 'fixed',
  `value` decimal(10,2) NOT NULL,
  `min_amount` decimal(10,2) DEFAULT NULL,
  `user_type` enum('all','normal','platinum') NOT NULL DEFAULT 'all',
  `product_ids` longtext CHARACTER SET utf8mb4 COLLATE utf8mb4_bin DEFAULT NULL CHECK (json_valid(`product_ids`)),
  `category_ids` longtext CHARACTER SET utf8mb4 COLLATE utf8mb4_bin DEFAULT NULL CHECK (json_valid(`category_ids`)),
  `usage_limit` int(11) DEFAULT NULL,
  `times_used` int(11) NOT NULL DEFAULT 0,
  `expires_at` date DEFAULT NULL,
  `status` tinyint(1) NOT NULL DEFAULT 1,
  `created_at` timestamp NULL DEFAULT NULL,
  `updated_at` timestamp NULL DEFAULT NULL
) ENGINE=InnoDB DEFAULT CHARSET=utf8mb4 COLLATE=utf8mb4_unicode_ci;

--
-- Dumping data for table `coupons`
--

INSERT INTO `coupons` (`id`, `code`, `type`, `value`, `min_amount`, `user_type`, `product_ids`, `category_ids`, `usage_limit`, `times_used`, `expires_at`, `status`, `created_at`, `updated_at`) VALUES
(1, '1000', 'fixed', 33.00, 33.00, 'all', '[\"3\"]', '[\"4\"]', 33, 0, '2025-08-19', 1, '2025-08-17 10:12:22', '2025-08-17 10:12:22'),
(2, '10003', 'fixed', 676.00, 676.00, 'all', NULL, NULL, 5, 0, '2025-08-12', 1, '2025-08-17 10:14:45', '2025-08-17 10:14:45');

-- --------------------------------------------------------

--
-- Table structure for table `coupon_user`
--

CREATE TABLE `coupon_user` (
  `id` bigint(20) UNSIGNED NOT NULL,
  `user_id` bigint(20) UNSIGNED NOT NULL,
  `coupon_id` bigint(20) UNSIGNED NOT NULL,
  `times_used` int(10) UNSIGNED NOT NULL DEFAULT 1,
  `created_at` timestamp NULL DEFAULT NULL,
  `updated_at` timestamp NULL DEFAULT NULL
) ENGINE=InnoDB DEFAULT CHARSET=utf8mb4 COLLATE=utf8mb4_unicode_ci;

-- --------------------------------------------------------

--
-- Table structure for table `customers`
--

CREATE TABLE `customers` (
  `id` bigint(20) UNSIGNED NOT NULL,
  `name` varchar(255) NOT NULL,
  `email` varchar(255) DEFAULT NULL,
  `phone` varchar(255) NOT NULL,
  `password` varchar(255) DEFAULT NULL,
  `address` text DEFAULT NULL,
  `old_customer_id` varchar(255) DEFAULT NULL,
  `slug` varchar(255) DEFAULT NULL,
  `user_id` varchar(255) DEFAULT NULL,
  `type` varchar(255) DEFAULT NULL,
  `reward_points` int(20) DEFAULT NULL,
  `status` tinyint(1) NOT NULL DEFAULT 1,
  `created_at` timestamp NULL DEFAULT NULL,
  `updated_at` timestamp NULL DEFAULT NULL
) ENGINE=InnoDB DEFAULT CHARSET=utf8mb4 COLLATE=utf8mb4_unicode_ci;

--
-- Dumping data for table `customers`
--

INSERT INTO `customers` (`id`, `name`, `email`, `phone`, `password`, `address`, `old_customer_id`, `slug`, `user_id`, `type`, `reward_points`, `status`, `created_at`, `updated_at`) VALUES
(1, 'test customer', 'testCustomer@gmail.com', '01646735100', NULL, 'no address', NULL, NULL, '3', 'normal', NULL, 1, '2025-08-14 02:34:53', '2025-08-16 00:21:17');

-- --------------------------------------------------------

--
-- Table structure for table `customer_addresses`
--

CREATE TABLE `customer_addresses` (
  `id` bigint(20) UNSIGNED NOT NULL,
  `customer_id` bigint(20) UNSIGNED NOT NULL,
  `address` text NOT NULL,
  `address_type` varchar(255) DEFAULT NULL COMMENT 'e.g., Home, Office',
  `is_default` tinyint(1) NOT NULL DEFAULT 0,
  `created_at` timestamp NULL DEFAULT NULL,
  `updated_at` timestamp NULL DEFAULT NULL
) ENGINE=InnoDB DEFAULT CHARSET=utf8mb4 COLLATE=utf8mb4_unicode_ci;

-- --------------------------------------------------------

--
-- Table structure for table `default_locations`
--

CREATE TABLE `default_locations` (
  `id` bigint(20) UNSIGNED NOT NULL,
  `name` varchar(255) DEFAULT NULL,
  `latitude` varchar(255) DEFAULT NULL,
  `longitude` varchar(255) DEFAULT NULL,
  `created_at` timestamp NULL DEFAULT NULL,
  `updated_at` timestamp NULL DEFAULT NULL
) ENGINE=InnoDB DEFAULT CHARSET=utf8mb4 COLLATE=utf8mb4_unicode_ci;

-- --------------------------------------------------------

--
-- Table structure for table `designations`
--

CREATE TABLE `designations` (
  `id` bigint(20) UNSIGNED NOT NULL,
  `name` varchar(255) DEFAULT NULL,
  `created_at` timestamp NULL DEFAULT NULL,
  `updated_at` timestamp NULL DEFAULT NULL
) ENGINE=InnoDB DEFAULT CHARSET=utf8mb4 COLLATE=utf8mb4_unicode_ci;

--
-- Dumping data for table `designations`
--

INSERT INTO `designations` (`id`, `name`, `created_at`, `updated_at`) VALUES
(1, 'employee', '2025-05-08 04:18:12', '2025-05-08 04:18:12'),
(2, 'workerm', '2025-05-08 04:21:30', '2025-05-08 04:22:08');

-- --------------------------------------------------------

--
-- Table structure for table `distance_segments`
--

CREATE TABLE `distance_segments` (
  `id` bigint(20) UNSIGNED NOT NULL,
  `ticket_id` bigint(20) UNSIGNED NOT NULL,
  `from_location` varchar(255) NOT NULL,
  `waypoint` varchar(255) NOT NULL,
  `created_at` timestamp NULL DEFAULT NULL,
  `updated_at` timestamp NULL DEFAULT NULL
) ENGINE=InnoDB DEFAULT CHARSET=utf8mb4 COLLATE=utf8mb4_unicode_ci;

-- --------------------------------------------------------

--
-- Table structure for table `expenses`
--

CREATE TABLE `expenses` (
  `id` bigint(20) UNSIGNED NOT NULL,
  `expense_category_id` bigint(20) UNSIGNED NOT NULL,
  `amount` decimal(10,2) NOT NULL,
  `expense_date` date NOT NULL,
  `description` text DEFAULT NULL,
  `created_at` timestamp NULL DEFAULT NULL,
  `updated_at` timestamp NULL DEFAULT NULL
) ENGINE=InnoDB DEFAULT CHARSET=utf8mb4 COLLATE=utf8mb4_unicode_ci;

-- --------------------------------------------------------

--
-- Table structure for table `expense_categories`
--

CREATE TABLE `expense_categories` (
  `id` bigint(20) UNSIGNED NOT NULL,
  `name` varchar(255) NOT NULL,
  `status` tinyint(1) NOT NULL DEFAULT 1,
  `created_at` timestamp NULL DEFAULT NULL,
  `updated_at` timestamp NULL DEFAULT NULL
) ENGINE=InnoDB DEFAULT CHARSET=utf8mb4 COLLATE=utf8mb4_unicode_ci;

-- --------------------------------------------------------

--
-- Table structure for table `extra_pages`
--

CREATE TABLE `extra_pages` (
  `id` bigint(20) UNSIGNED NOT NULL,
  `privacy_policy` longtext DEFAULT NULL,
  `term_condition` longtext DEFAULT NULL,
  `return_pollicy` longtext DEFAULT NULL,
  `created_at` timestamp NULL DEFAULT NULL,
  `updated_at` timestamp NULL DEFAULT NULL
) ENGINE=InnoDB DEFAULT CHARSET=utf8mb4 COLLATE=utf8mb4_unicode_ci;

-- --------------------------------------------------------

--
-- Table structure for table `fabrics`
--

CREATE TABLE `fabrics` (
  `id` bigint(20) UNSIGNED NOT NULL,
  `name` varchar(255) NOT NULL,
  `code` varchar(255) DEFAULT NULL,
  `status` tinyint(1) NOT NULL DEFAULT 1,
  `created_at` timestamp NULL DEFAULT NULL,
  `updated_at` timestamp NULL DEFAULT NULL
) ENGINE=InnoDB DEFAULT CHARSET=utf8mb4 COLLATE=utf8mb4_unicode_ci;

--
-- Dumping data for table `fabrics`
--

INSERT INTO `fabrics` (`id`, `name`, `code`, `status`, `created_at`, `updated_at`) VALUES
(1, 'Fleece Cotton', NULL, 1, '2025-08-09 00:44:07', '2025-08-09 11:06:44'),
(2, 'Cotton', NULL, 1, '2025-08-09 11:06:25', '2025-08-09 11:06:25'),
(3, 'Fleece Polyester', NULL, 1, '2025-08-09 11:07:03', '2025-08-09 11:07:03'),
(4, 'Polyester', NULL, 1, '2025-08-09 11:07:23', '2025-08-09 11:07:23'),
(5, 'Mesh', NULL, 1, '2025-08-09 11:07:39', '2025-08-09 11:07:39'),
(6, 'Bonded', NULL, 1, '2025-08-09 11:07:48', '2025-08-09 11:07:48'),
(7, 'Metal', NULL, 1, '2025-08-09 11:08:01', '2025-08-09 11:08:01');

-- --------------------------------------------------------

--
-- Table structure for table `failed_jobs`
--

CREATE TABLE `failed_jobs` (
  `id` bigint(20) UNSIGNED NOT NULL,
  `uuid` varchar(255) NOT NULL,
  `connection` text NOT NULL,
  `queue` text NOT NULL,
  `payload` longtext NOT NULL,
  `exception` longtext NOT NULL,
  `failed_at` timestamp NOT NULL DEFAULT current_timestamp()
) ENGINE=InnoDB DEFAULT CHARSET=utf8mb4 COLLATE=utf8mb4_unicode_ci;

-- --------------------------------------------------------

--
-- Table structure for table `galleries`
--

CREATE TABLE `galleries` (
  `id` bigint(20) UNSIGNED NOT NULL,
  `image` text NOT NULL,
  `status` varchar(255) NOT NULL,
  `created_at` timestamp NULL DEFAULT NULL,
  `updated_at` timestamp NULL DEFAULT NULL
) ENGINE=InnoDB DEFAULT CHARSET=utf8mb4 COLLATE=utf8mb4_unicode_ci;

-- --------------------------------------------------------

--
-- Table structure for table `jobs`
--

CREATE TABLE `jobs` (
  `id` bigint(20) UNSIGNED NOT NULL,
  `queue` varchar(255) NOT NULL,
  `payload` longtext NOT NULL,
  `attempts` tinyint(3) UNSIGNED NOT NULL,
  `reserved_at` int(10) UNSIGNED DEFAULT NULL,
  `available_at` int(10) UNSIGNED NOT NULL,
  `created_at` int(10) UNSIGNED NOT NULL
) ENGINE=InnoDB DEFAULT CHARSET=utf8mb4 COLLATE=utf8mb4_unicode_ci;

-- --------------------------------------------------------

--
-- Table structure for table `job_batches`
--

CREATE TABLE `job_batches` (
  `id` varchar(255) NOT NULL,
  `name` varchar(255) NOT NULL,
  `total_jobs` int(11) NOT NULL,
  `pending_jobs` int(11) NOT NULL,
  `failed_jobs` int(11) NOT NULL,
  `failed_job_ids` longtext NOT NULL,
  `options` mediumtext DEFAULT NULL,
  `cancelled_at` int(11) DEFAULT NULL,
  `created_at` int(11) NOT NULL,
  `finished_at` int(11) DEFAULT NULL
) ENGINE=InnoDB DEFAULT CHARSET=utf8mb4 COLLATE=utf8mb4_unicode_ci;

-- --------------------------------------------------------

--
-- Table structure for table `log_activities`
--

CREATE TABLE `log_activities` (
  `id` bigint(20) UNSIGNED NOT NULL,
  `subject` varchar(255) NOT NULL,
  `url` varchar(255) NOT NULL,
  `method` varchar(255) NOT NULL,
  `ip` varchar(255) NOT NULL,
  `agent` varchar(255) DEFAULT NULL,
  `user_id` int(11) DEFAULT NULL,
  `activity_time` varchar(255) DEFAULT NULL,
  `created_at` timestamp NULL DEFAULT NULL,
  `updated_at` timestamp NULL DEFAULT NULL
) ENGINE=InnoDB DEFAULT CHARSET=utf8mb4 COLLATE=utf8mb4_unicode_ci;

--
-- Dumping data for table `log_activities`
--

INSERT INTO `log_activities` (`id`, `subject`, `url`, `method`, `ip`, `agent`, `user_id`, `activity_time`, `created_at`, `updated_at`) VALUES
(1, 'LoginPage View', 'http://localhost/defaultProject', 'GET', '::1', 'Mozilla/5.0 (Windows NT 10.0; Win64; x64) AppleWebKit/537.36 (KHTML, like Gecko) Chrome/135.0.0.0 Safari/537.36', 1, '08:53:07 pm', '2025-05-06 08:53:07', '2025-05-06 08:53:07'),
(1082, 'LoginPage View', 'http://localhost/freelancework', 'GET', '::1', 'Mozilla/5.0 (Windows NT 10.0; Win64; x64) AppleWebKit/537.36 (KHTML, like Gecko) Chrome/139.0.0.0 Safari/537.36', 1, '11:28:26 am', '2025-08-24 23:28:26', '2025-08-24 23:28:26'),
(1083, 'LoginPage View', 'http://localhost/freelancework', 'GET', '::1', 'Mozilla/5.0 (Windows NT 10.0; Win64; x64) AppleWebKit/537.36 (KHTML, like Gecko) Chrome/139.0.0.0 Safari/537.36', 1, '11:28:27 am', '2025-08-24 23:28:27', '2025-08-24 23:28:27'),
(1084, 'LoginPage View', 'http://localhost/freelancework', 'GET', '::1', 'Mozilla/5.0 (Windows NT 10.0; Win64; x64) AppleWebKit/537.36 (KHTML, like Gecko) Chrome/139.0.0.0 Safari/537.36', 1, '11:28:30 am', '2025-08-24 23:28:30', '2025-08-24 23:28:30'),
(1085, 'LoginPage View', 'http://localhost/freelancework', 'GET', '::1', 'Mozilla/5.0 (Windows NT 10.0; Win64; x64) AppleWebKit/537.36 (KHTML, like Gecko) Chrome/139.0.0.0 Safari/537.36', 1, '11:28:30 am', '2025-08-24 23:28:30', '2025-08-24 23:28:30'),
(1086, 'LoginPage View', 'http://localhost/freelancework', 'GET', '::1', 'Mozilla/5.0 (Windows NT 10.0; Win64; x64) AppleWebKit/537.36 (KHTML, like Gecko) Chrome/139.0.0.0 Safari/537.36', 1, '11:28:34 am', '2025-08-24 23:28:34', '2025-08-24 23:28:34'),
(1087, 'LoginPage View', 'http://localhost/freelancework', 'GET', '::1', 'Mozilla/5.0 (Windows NT 10.0; Win64; x64) AppleWebKit/537.36 (KHTML, like Gecko) Chrome/139.0.0.0 Safari/537.36', 1, '11:28:35 am', '2025-08-24 23:28:35', '2025-08-24 23:28:35'),
(1088, 'panelSettingUpdate', 'http://localhost/freelancework/systemInformation/1/edit', 'GET', '::1', 'Mozilla/5.0 (Windows NT 10.0; Win64; x64) AppleWebKit/537.36 (KHTML, like Gecko) Chrome/139.0.0.0 Safari/537.36', 1, '11:28:42 am', '2025-08-24 23:28:42', '2025-08-24 23:28:42'),
(1089, 'LoginPage View', 'http://localhost/freelancework', 'GET', '::1', 'Mozilla/5.0 (Windows NT 10.0; Win64; x64) AppleWebKit/537.36 (KHTML, like Gecko) Chrome/139.0.0.0 Safari/537.36', 1, '11:28:45 am', '2025-08-24 23:28:45', '2025-08-24 23:28:45'),
(1090, 'panelSettingUpdate', 'http://localhost/freelancework/systemInformation/1/edit', 'GET', '::1', 'Mozilla/5.0 (Windows NT 10.0; Win64; x64) AppleWebKit/537.36 (KHTML, like Gecko) Chrome/139.0.0.0 Safari/537.36', 1, '11:28:52 am', '2025-08-24 23:28:52', '2025-08-24 23:28:52'),
(1091, 'LoginPage View', 'http://localhost/freelancework', 'GET', '::1', 'Mozilla/5.0 (Windows NT 10.0; Win64; x64) AppleWebKit/537.36 (KHTML, like Gecko) Chrome/139.0.0.0 Safari/537.36', 1, '11:28:52 am', '2025-08-24 23:28:52', '2025-08-24 23:28:52'),
(1092, 'panelSettingUpdate', 'http://localhost/freelancework/systemInformation/1', 'PUT', '::1', 'Mozilla/5.0 (Windows NT 10.0; Win64; x64) AppleWebKit/537.36 (KHTML, like Gecko) Chrome/139.0.0.0 Safari/537.36', 1, '11:29:53 am', '2025-08-24 23:29:53', '2025-08-24 23:29:53'),
(1093, 'panelSettingView', 'http://localhost/freelancework/systemInformation', 'GET', '::1', 'Mozilla/5.0 (Windows NT 10.0; Win64; x64) AppleWebKit/537.36 (KHTML, like Gecko) Chrome/139.0.0.0 Safari/537.36', 1, '11:29:56 am', '2025-08-24 23:29:56', '2025-08-24 23:29:56'),
(1094, 'panelSettingView', 'http://localhost/freelancework/systemInformation', 'GET', '::1', 'Mozilla/5.0 (Windows NT 10.0; Win64; x64) AppleWebKit/537.36 (KHTML, like Gecko) Chrome/139.0.0.0 Safari/537.36', 1, '11:32:21 am', '2025-08-24 23:32:21', '2025-08-24 23:32:21'),
(1095, 'LoginPage View', 'http://localhost/freelancework', 'GET', '::1', 'Mozilla/5.0 (Windows NT 10.0; Win64; x64) AppleWebKit/537.36 (KHTML, like Gecko) Chrome/139.0.0.0 Safari/537.36', 1, '11:34:17 am', '2025-08-24 23:34:17', '2025-08-24 23:34:17'),
(1096, 'LoginPage View', 'http://localhost/freelancework', 'GET', '::1', 'Mozilla/5.0 (Windows NT 10.0; Win64; x64) AppleWebKit/537.36 (KHTML, like Gecko) Chrome/139.0.0.0 Safari/537.36', 1, '11:35:04 am', '2025-08-24 23:35:04', '2025-08-24 23:35:04'),
(1097, 'LoginPage View', 'http://localhost/freelancework', 'GET', '::1', 'Mozilla/5.0 (Windows NT 10.0; Win64; x64) AppleWebKit/537.36 (KHTML, like Gecko) Chrome/139.0.0.0 Safari/537.36', 1, '11:40:43 am', '2025-08-24 23:40:43', '2025-08-24 23:40:43'),
(1098, 'LoginPage View', 'http://localhost/freelancework', 'GET', '::1', 'Mozilla/5.0 (Windows NT 10.0; Win64; x64) AppleWebKit/537.36 (KHTML, like Gecko) Chrome/139.0.0.0 Safari/537.36', 1, '12:01:53 pm', '2025-08-25 00:01:53', '2025-08-25 00:01:53'),
(1099, 'LoginPage View', 'http://localhost/freelancework', 'GET', '::1', 'Mozilla/5.0 (Windows NT 10.0; Win64; x64) AppleWebKit/537.36 (KHTML, like Gecko) Chrome/139.0.0.0 Safari/537.36', 1, '01:16:15 pm', '2025-08-26 01:16:16', '2025-08-26 01:16:16'),
(1100, 'LoginPage View', 'http://localhost/freelancework', 'GET', '::1', 'Mozilla/5.0 (Windows NT 10.0; Win64; x64) AppleWebKit/537.36 (KHTML, like Gecko) Chrome/139.0.0.0 Safari/537.36', 1, '08:31:11 pm', '2025-08-26 08:31:11', '2025-08-26 08:31:11'),
(1101, 'LoginPage View', 'http://localhost/freelancework', 'GET', '::1', 'Mozilla/5.0 (Windows NT 10.0; Win64; x64) AppleWebKit/537.36 (KHTML, like Gecko) Chrome/139.0.0.0 Safari/537.36', 1, '10:21:45 am', '2025-08-27 22:21:45', '2025-08-27 22:21:45'),
(1102, 'LoginPage View', 'http://localhost/freelancework', 'GET', '::1', 'Mozilla/5.0 (Windows NT 10.0; Win64; x64) AppleWebKit/537.36 (KHTML, like Gecko) Chrome/139.0.0.0 Safari/537.36', 1, '10:25:20 am', '2025-08-27 22:25:20', '2025-08-27 22:25:20'),
(1103, 'panelSettingView', 'http://localhost/freelancework/systemInformation', 'GET', '::1', 'Mozilla/5.0 (Windows NT 10.0; Win64; x64) AppleWebKit/537.36 (KHTML, like Gecko) Chrome/139.0.0.0 Safari/537.36', 1, '10:31:37 am', '2025-08-27 22:31:37', '2025-08-27 22:31:37'),
(1104, 'permissionView', 'http://localhost/freelancework/permissions', 'GET', '::1', 'Mozilla/5.0 (Windows NT 10.0; Win64; x64) AppleWebKit/537.36 (KHTML, like Gecko) Chrome/139.0.0.0 Safari/537.36', 1, '10:31:50 am', '2025-08-27 22:31:50', '2025-08-27 22:31:50'),
(1105, 'permissionStore', 'http://localhost/freelancework/permissions', 'POST', '::1', 'Mozilla/5.0 (Windows NT 10.0; Win64; x64) AppleWebKit/537.36 (KHTML, like Gecko) Chrome/139.0.0.0 Safari/537.36', 1, '10:32:31 am', '2025-08-27 22:32:31', '2025-08-27 22:32:31'),
(1106, 'permissionView', 'http://localhost/freelancework/permissions', 'GET', '::1', 'Mozilla/5.0 (Windows NT 10.0; Win64; x64) AppleWebKit/537.36 (KHTML, like Gecko) Chrome/139.0.0.0 Safari/537.36', 1, '10:32:32 am', '2025-08-27 22:32:32', '2025-08-27 22:32:32'),
(1107, 'permissionStore', 'http://localhost/freelancework/permissions', 'POST', '::1', 'Mozilla/5.0 (Windows NT 10.0; Win64; x64) AppleWebKit/537.36 (KHTML, like Gecko) Chrome/139.0.0.0 Safari/537.36', 1, '10:33:22 am', '2025-08-27 22:33:22', '2025-08-27 22:33:22'),
(1108, 'permissionView', 'http://localhost/freelancework/permissions', 'GET', '::1', 'Mozilla/5.0 (Windows NT 10.0; Win64; x64) AppleWebKit/537.36 (KHTML, like Gecko) Chrome/139.0.0.0 Safari/537.36', 1, '10:33:22 am', '2025-08-27 22:33:22', '2025-08-27 22:33:22'),
(1109, 'permissionStore', 'http://localhost/freelancework/permissions', 'POST', '::1', 'Mozilla/5.0 (Windows NT 10.0; Win64; x64) AppleWebKit/537.36 (KHTML, like Gecko) Chrome/139.0.0.0 Safari/537.36', 1, '10:34:07 am', '2025-08-27 22:34:07', '2025-08-27 22:34:07'),
(1110, 'permissionView', 'http://localhost/freelancework/permissions', 'GET', '::1', 'Mozilla/5.0 (Windows NT 10.0; Win64; x64) AppleWebKit/537.36 (KHTML, like Gecko) Chrome/139.0.0.0 Safari/537.36', 1, '10:34:08 am', '2025-08-27 22:34:08', '2025-08-27 22:34:08'),
(1111, 'permissionStore', 'http://localhost/freelancework/permissions', 'POST', '::1', 'Mozilla/5.0 (Windows NT 10.0; Win64; x64) AppleWebKit/537.36 (KHTML, like Gecko) Chrome/139.0.0.0 Safari/537.36', 1, '10:34:27 am', '2025-08-27 22:34:27', '2025-08-27 22:34:27'),
(1112, 'permissionView', 'http://localhost/freelancework/permissions', 'GET', '::1', 'Mozilla/5.0 (Windows NT 10.0; Win64; x64) AppleWebKit/537.36 (KHTML, like Gecko) Chrome/139.0.0.0 Safari/537.36', 1, '10:34:28 am', '2025-08-27 22:34:28', '2025-08-27 22:34:28'),
(1113, 'permissionStore', 'http://localhost/freelancework/permissions', 'POST', '::1', 'Mozilla/5.0 (Windows NT 10.0; Win64; x64) AppleWebKit/537.36 (KHTML, like Gecko) Chrome/139.0.0.0 Safari/537.36', 1, '10:35:20 am', '2025-08-27 22:35:20', '2025-08-27 22:35:20'),
(1114, 'permissionView', 'http://localhost/freelancework/permissions', 'GET', '::1', 'Mozilla/5.0 (Windows NT 10.0; Win64; x64) AppleWebKit/537.36 (KHTML, like Gecko) Chrome/139.0.0.0 Safari/537.36', 1, '10:35:21 am', '2025-08-27 22:35:21', '2025-08-27 22:35:21'),
(1115, 'role-list', 'http://localhost/freelancework/roles', 'GET', '::1', 'Mozilla/5.0 (Windows NT 10.0; Win64; x64) AppleWebKit/537.36 (KHTML, like Gecko) Chrome/139.0.0.0 Safari/537.36', 1, '10:35:31 am', '2025-08-27 22:35:31', '2025-08-27 22:35:31'),
(1116, 'role-edit', 'http://localhost/freelancework/roles/1/edit', 'GET', '::1', 'Mozilla/5.0 (Windows NT 10.0; Win64; x64) AppleWebKit/537.36 (KHTML, like Gecko) Chrome/139.0.0.0 Safari/537.36', 1, '10:35:35 am', '2025-08-27 22:35:35', '2025-08-27 22:35:35'),
(1117, 'role-update', 'http://localhost/freelancework/roles/1', 'PUT', '::1', 'Mozilla/5.0 (Windows NT 10.0; Win64; x64) AppleWebKit/537.36 (KHTML, like Gecko) Chrome/139.0.0.0 Safari/537.36', 1, '10:35:43 am', '2025-08-27 22:35:43', '2025-08-27 22:35:43'),
(1118, 'role-list', 'http://localhost/freelancework/roles', 'GET', '::1', 'Mozilla/5.0 (Windows NT 10.0; Win64; x64) AppleWebKit/537.36 (KHTML, like Gecko) Chrome/139.0.0.0 Safari/537.36', 1, '10:35:45 am', '2025-08-27 22:35:45', '2025-08-27 22:35:45'),
(1119, 'permissionView', 'http://localhost/freelancework/permissions', 'GET', '::1', 'Mozilla/5.0 (Windows NT 10.0; Win64; x64) AppleWebKit/537.36 (KHTML, like Gecko) Chrome/139.0.0.0 Safari/537.36', 1, '10:35:59 am', '2025-08-27 22:35:59', '2025-08-27 22:35:59'),
(1120, 'permissionStore', 'http://localhost/freelancework/permissions', 'POST', '::1', 'Mozilla/5.0 (Windows NT 10.0; Win64; x64) AppleWebKit/537.36 (KHTML, like Gecko) Chrome/139.0.0.0 Safari/537.36', 1, '10:36:51 am', '2025-08-27 22:36:51', '2025-08-27 22:36:51'),
(1121, 'permissionView', 'http://localhost/freelancework/permissions', 'GET', '::1', 'Mozilla/5.0 (Windows NT 10.0; Win64; x64) AppleWebKit/537.36 (KHTML, like Gecko) Chrome/139.0.0.0 Safari/537.36', 1, '10:36:53 am', '2025-08-27 22:36:53', '2025-08-27 22:36:53'),
(1122, 'role-list', 'http://localhost/freelancework/roles', 'GET', '::1', 'Mozilla/5.0 (Windows NT 10.0; Win64; x64) AppleWebKit/537.36 (KHTML, like Gecko) Chrome/139.0.0.0 Safari/537.36', 1, '10:37:08 am', '2025-08-27 22:37:08', '2025-08-27 22:37:08'),
(1123, 'role-edit', 'http://localhost/freelancework/roles/1/edit', 'GET', '::1', 'Mozilla/5.0 (Windows NT 10.0; Win64; x64) AppleWebKit/537.36 (KHTML, like Gecko) Chrome/139.0.0.0 Safari/537.36', 1, '10:37:11 am', '2025-08-27 22:37:11', '2025-08-27 22:37:11'),
(1124, 'role-update', 'http://localhost/freelancework/roles/1', 'PUT', '::1', 'Mozilla/5.0 (Windows NT 10.0; Win64; x64) AppleWebKit/537.36 (KHTML, like Gecko) Chrome/139.0.0.0 Safari/537.36', 1, '10:37:18 am', '2025-08-27 22:37:18', '2025-08-27 22:37:18'),
(1125, 'role-list', 'http://localhost/freelancework/roles', 'GET', '::1', 'Mozilla/5.0 (Windows NT 10.0; Win64; x64) AppleWebKit/537.36 (KHTML, like Gecko) Chrome/139.0.0.0 Safari/537.36', 1, '10:37:20 am', '2025-08-27 22:37:20', '2025-08-27 22:37:20'),
(1126, 'permissionView', 'http://localhost/freelancework/permissions', 'GET', '::1', 'Mozilla/5.0 (Windows NT 10.0; Win64; x64) AppleWebKit/537.36 (KHTML, like Gecko) Chrome/139.0.0.0 Safari/537.36', 1, '10:57:33 am', '2025-08-27 22:57:33', '2025-08-27 22:57:33'),
(1127, 'permissionStore', 'http://localhost/freelancework/permissions', 'POST', '::1', 'Mozilla/5.0 (Windows NT 10.0; Win64; x64) AppleWebKit/537.36 (KHTML, like Gecko) Chrome/139.0.0.0 Safari/537.36', 1, '10:59:05 am', '2025-08-27 22:59:05', '2025-08-27 22:59:05'),
(1128, 'permissionView', 'http://localhost/freelancework/permissions', 'GET', '::1', 'Mozilla/5.0 (Windows NT 10.0; Win64; x64) AppleWebKit/537.36 (KHTML, like Gecko) Chrome/139.0.0.0 Safari/537.36', 1, '10:59:51 am', '2025-08-27 22:59:51', '2025-08-27 22:59:51'),
(1129, 'role-list', 'http://localhost/freelancework/roles', 'GET', '::1', 'Mozilla/5.0 (Windows NT 10.0; Win64; x64) AppleWebKit/537.36 (KHTML, like Gecko) Chrome/139.0.0.0 Safari/537.36', 1, '12:39:00 pm', '2025-08-28 00:39:00', '2025-08-28 00:39:00'),
(1130, 'role-edit', 'http://localhost/freelancework/roles/1/edit', 'GET', '::1', 'Mozilla/5.0 (Windows NT 10.0; Win64; x64) AppleWebKit/537.36 (KHTML, like Gecko) Chrome/139.0.0.0 Safari/537.36', 1, '12:39:15 pm', '2025-08-28 00:39:15', '2025-08-28 00:39:15'),
(1131, 'role-update', 'http://localhost/freelancework/roles/1', 'PUT', '::1', 'Mozilla/5.0 (Windows NT 10.0; Win64; x64) AppleWebKit/537.36 (KHTML, like Gecko) Chrome/139.0.0.0 Safari/537.36', 1, '12:39:23 pm', '2025-08-28 00:39:23', '2025-08-28 00:39:23'),
(1132, 'role-list', 'http://localhost/freelancework/roles', 'GET', '::1', 'Mozilla/5.0 (Windows NT 10.0; Win64; x64) AppleWebKit/537.36 (KHTML, like Gecko) Chrome/139.0.0.0 Safari/537.36', 1, '12:39:26 pm', '2025-08-28 00:39:26', '2025-08-28 00:39:26'),
(1133, 'role-list', 'http://localhost/freelancework/roles', 'GET', '::1', 'Mozilla/5.0 (Windows NT 10.0; Win64; x64) AppleWebKit/537.36 (KHTML, like Gecko) Chrome/139.0.0.0 Safari/537.36', 1, '12:41:58 pm', '2025-08-28 00:41:58', '2025-08-28 00:41:58'),
(1134, 'LoginPage View', 'http://localhost/freelancework', 'GET', '::1', 'Mozilla/5.0 (Linux; Android 6.0; Nexus 5 Build/MRA58N) AppleWebKit/537.36 (KHTML, like Gecko) Chrome/139.0.0.0 Mobile Safari/537.36', 1, '12:48:05 pm', '2025-08-28 00:48:05', '2025-08-28 00:48:05'),
(1135, 'LoginPage View', 'http://localhost/freelancework', 'GET', '::1', 'Mozilla/5.0 (Linux; Android 6.0; Nexus 5 Build/MRA58N) AppleWebKit/537.36 (KHTML, like Gecko) Chrome/139.0.0.0 Mobile Safari/537.36', 1, '12:48:13 pm', '2025-08-28 00:48:13', '2025-08-28 00:48:13'),
(1136, 'LoginPage View', 'http://localhost/freelancework', 'GET', '::1', 'Mozilla/5.0 (Windows NT 10.0; Win64; x64) AppleWebKit/537.36 (KHTML, like Gecko) Chrome/139.0.0.0 Safari/537.36', 1, '01:25:05 pm', '2025-08-28 01:25:05', '2025-08-28 01:25:05'),
(1137, 'LoginPage View', 'http://localhost/freelancework', 'GET', '::1', 'Mozilla/5.0 (Windows NT 10.0; Win64; x64) AppleWebKit/537.36 (KHTML, like Gecko) Chrome/139.0.0.0 Safari/537.36', 1, '01:28:16 pm', '2025-08-28 01:28:16', '2025-08-28 01:28:16'),
(1138, 'LoginPage View', 'http://localhost/freelancework', 'GET', '::1', 'Mozilla/5.0 (Windows NT 10.0; Win64; x64) AppleWebKit/537.36 (KHTML, like Gecko) Chrome/139.0.0.0 Safari/537.36', 1, '09:37:01 am', '2025-08-30 21:37:02', '2025-08-30 21:37:02'),
(1139, 'permissionView', 'http://localhost/freelancework/permissions', 'GET', '::1', 'Mozilla/5.0 (Windows NT 10.0; Win64; x64) AppleWebKit/537.36 (KHTML, like Gecko) Chrome/139.0.0.0 Safari/537.36', 1, '11:16:20 am', '2025-08-30 23:16:20', '2025-08-30 23:16:20'),
(1140, 'permissionStore', 'http://localhost/freelancework/permissions', 'POST', '::1', 'Mozilla/5.0 (Windows NT 10.0; Win64; x64) AppleWebKit/537.36 (KHTML, like Gecko) Chrome/139.0.0.0 Safari/537.36', 1, '11:17:16 am', '2025-08-30 23:17:16', '2025-08-30 23:17:16'),
(1141, 'permissionView', 'http://localhost/freelancework/permissions', 'GET', '::1', 'Mozilla/5.0 (Windows NT 10.0; Win64; x64) AppleWebKit/537.36 (KHTML, like Gecko) Chrome/139.0.0.0 Safari/537.36', 1, '11:17:18 am', '2025-08-30 23:17:18', '2025-08-30 23:17:18'),
(1142, 'role-list', 'http://localhost/freelancework/roles', 'GET', '::1', 'Mozilla/5.0 (Windows NT 10.0; Win64; x64) AppleWebKit/537.36 (KHTML, like Gecko) Chrome/139.0.0.0 Safari/537.36', 1, '11:17:27 am', '2025-08-30 23:17:27', '2025-08-30 23:17:27'),
(1143, 'role-edit', 'http://localhost/freelancework/roles/1/edit', 'GET', '::1', 'Mozilla/5.0 (Windows NT 10.0; Win64; x64) AppleWebKit/537.36 (KHTML, like Gecko) Chrome/139.0.0.0 Safari/537.36', 1, '11:17:32 am', '2025-08-30 23:17:32', '2025-08-30 23:17:32'),
(1144, 'role-update', 'http://localhost/freelancework/roles/1', 'PUT', '::1', 'Mozilla/5.0 (Windows NT 10.0; Win64; x64) AppleWebKit/537.36 (KHTML, like Gecko) Chrome/139.0.0.0 Safari/537.36', 1, '11:17:39 am', '2025-08-30 23:17:39', '2025-08-30 23:17:39'),
(1145, 'role-list', 'http://localhost/freelancework/roles', 'GET', '::1', 'Mozilla/5.0 (Windows NT 10.0; Win64; x64) AppleWebKit/537.36 (KHTML, like Gecko) Chrome/139.0.0.0 Safari/537.36', 1, '11:17:42 am', '2025-08-30 23:17:42', '2025-08-30 23:17:42'),
(1146, 'role-list', 'http://localhost/freelancework/roles', 'GET', '::1', 'Mozilla/5.0 (Windows NT 10.0; Win64; x64) AppleWebKit/537.36 (KHTML, like Gecko) Chrome/139.0.0.0 Safari/537.36', 1, '11:27:14 am', '2025-08-30 23:27:14', '2025-08-30 23:27:14'),
(1147, 'permissionView', 'http://localhost/freelancework/permissions', 'GET', '::1', 'Mozilla/5.0 (Windows NT 10.0; Win64; x64) AppleWebKit/537.36 (KHTML, like Gecko) Chrome/139.0.0.0 Safari/537.36', 1, '11:55:29 am', '2025-08-30 23:55:29', '2025-08-30 23:55:29'),
(1148, 'permissionStore', 'http://localhost/freelancework/permissions', 'POST', '::1', 'Mozilla/5.0 (Windows NT 10.0; Win64; x64) AppleWebKit/537.36 (KHTML, like Gecko) Chrome/139.0.0.0 Safari/537.36', 1, '11:57:02 am', '2025-08-30 23:57:02', '2025-08-30 23:57:02'),
(1149, 'permissionView', 'http://localhost/freelancework/permissions', 'GET', '::1', 'Mozilla/5.0 (Windows NT 10.0; Win64; x64) AppleWebKit/537.36 (KHTML, like Gecko) Chrome/139.0.0.0 Safari/537.36', 1, '11:57:03 am', '2025-08-30 23:57:03', '2025-08-30 23:57:03'),
(1150, 'role-list', 'http://localhost/freelancework/roles', 'GET', '::1', 'Mozilla/5.0 (Windows NT 10.0; Win64; x64) AppleWebKit/537.36 (KHTML, like Gecko) Chrome/139.0.0.0 Safari/537.36', 1, '11:57:11 am', '2025-08-30 23:57:11', '2025-08-30 23:57:11'),
(1151, 'role-edit', 'http://localhost/freelancework/roles/1/edit', 'GET', '::1', 'Mozilla/5.0 (Windows NT 10.0; Win64; x64) AppleWebKit/537.36 (KHTML, like Gecko) Chrome/139.0.0.0 Safari/537.36', 1, '11:57:15 am', '2025-08-30 23:57:15', '2025-08-30 23:57:15'),
(1152, 'role-update', 'http://localhost/freelancework/roles/1', 'PUT', '::1', 'Mozilla/5.0 (Windows NT 10.0; Win64; x64) AppleWebKit/537.36 (KHTML, like Gecko) Chrome/139.0.0.0 Safari/537.36', 1, '11:57:24 am', '2025-08-30 23:57:24', '2025-08-30 23:57:24'),
(1153, 'role-list', 'http://localhost/freelancework/roles', 'GET', '::1', 'Mozilla/5.0 (Windows NT 10.0; Win64; x64) AppleWebKit/537.36 (KHTML, like Gecko) Chrome/139.0.0.0 Safari/537.36', 1, '11:57:28 am', '2025-08-30 23:57:28', '2025-08-30 23:57:28'),
(1154, 'role-list', 'http://localhost/freelancework/roles', 'GET', '::1', 'Mozilla/5.0 (Windows NT 10.0; Win64; x64) AppleWebKit/537.36 (KHTML, like Gecko) Chrome/139.0.0.0 Safari/537.36', 1, '12:03:39 pm', '2025-08-31 00:03:39', '2025-08-31 00:03:39'),
(1155, 'permissionView', 'http://localhost/freelancework/permissions', 'GET', '::1', 'Mozilla/5.0 (Windows NT 10.0; Win64; x64) AppleWebKit/537.36 (KHTML, like Gecko) Chrome/139.0.0.0 Safari/537.36', 1, '03:34:38 pm', '2025-08-31 03:34:38', '2025-08-31 03:34:38'),
(1156, 'permissionStore', 'http://localhost/freelancework/permissions', 'POST', '::1', 'Mozilla/5.0 (Windows NT 10.0; Win64; x64) AppleWebKit/537.36 (KHTML, like Gecko) Chrome/139.0.0.0 Safari/537.36', 1, '03:35:23 pm', '2025-08-31 03:35:23', '2025-08-31 03:35:23'),
(1157, 'permissionView', 'http://localhost/freelancework/permissions', 'GET', '::1', 'Mozilla/5.0 (Windows NT 10.0; Win64; x64) AppleWebKit/537.36 (KHTML, like Gecko) Chrome/139.0.0.0 Safari/537.36', 1, '03:35:24 pm', '2025-08-31 03:35:24', '2025-08-31 03:35:24'),
(1158, 'permissionedit', 'http://localhost/freelancework/permissions/184/edit', 'GET', '::1', 'Mozilla/5.0 (Windows NT 10.0; Win64; x64) AppleWebKit/537.36 (KHTML, like Gecko) Chrome/139.0.0.0 Safari/537.36', 1, '03:35:28 pm', '2025-08-31 03:35:28', '2025-08-31 03:35:28'),
(1159, 'permissionUpdate', 'http://localhost/freelancework/permissions/slider', 'PUT', '::1', 'Mozilla/5.0 (Windows NT 10.0; Win64; x64) AppleWebKit/537.36 (KHTML, like Gecko) Chrome/139.0.0.0 Safari/537.36', 1, '03:35:34 pm', '2025-08-31 03:35:34', '2025-08-31 03:35:34'),
(1160, 'permissionView', 'http://localhost/freelancework/permissions', 'GET', '::1', 'Mozilla/5.0 (Windows NT 10.0; Win64; x64) AppleWebKit/537.36 (KHTML, like Gecko) Chrome/139.0.0.0 Safari/537.36', 1, '03:35:35 pm', '2025-08-31 03:35:35', '2025-08-31 03:35:35'),
(1161, 'role-list', 'http://localhost/freelancework/roles', 'GET', '::1', 'Mozilla/5.0 (Windows NT 10.0; Win64; x64) AppleWebKit/537.36 (KHTML, like Gecko) Chrome/139.0.0.0 Safari/537.36', 1, '03:35:38 pm', '2025-08-31 03:35:38', '2025-08-31 03:35:38'),
(1162, 'role-edit', 'http://localhost/freelancework/roles/1/edit', 'GET', '::1', 'Mozilla/5.0 (Windows NT 10.0; Win64; x64) AppleWebKit/537.36 (KHTML, like Gecko) Chrome/139.0.0.0 Safari/537.36', 1, '03:35:41 pm', '2025-08-31 03:35:41', '2025-08-31 03:35:41'),
(1163, 'role-update', 'http://localhost/freelancework/roles/1', 'PUT', '::1', 'Mozilla/5.0 (Windows NT 10.0; Win64; x64) AppleWebKit/537.36 (KHTML, like Gecko) Chrome/139.0.0.0 Safari/537.36', 1, '03:35:46 pm', '2025-08-31 03:35:46', '2025-08-31 03:35:46'),
(1164, 'role-list', 'http://localhost/freelancework/roles', 'GET', '::1', 'Mozilla/5.0 (Windows NT 10.0; Win64; x64) AppleWebKit/537.36 (KHTML, like Gecko) Chrome/139.0.0.0 Safari/537.36', 1, '03:35:48 pm', '2025-08-31 03:35:48', '2025-08-31 03:35:48'),
(1165, 'role-list', 'http://localhost/freelancework/roles', 'GET', '::1', 'Mozilla/5.0 (Windows NT 10.0; Win64; x64) AppleWebKit/537.36 (KHTML, like Gecko) Chrome/139.0.0.0 Safari/537.36', 1, '03:36:59 pm', '2025-08-31 03:36:59', '2025-08-31 03:36:59'),
(1166, 'role-list', 'http://localhost/freelancework/roles', 'GET', '::1', 'Mozilla/5.0 (Windows NT 10.0; Win64; x64) AppleWebKit/537.36 (KHTML, like Gecko) Chrome/139.0.0.0 Safari/537.36', 1, '03:37:37 pm', '2025-08-31 03:37:37', '2025-08-31 03:37:37');

-- --------------------------------------------------------

--
-- Table structure for table `main_sliders`
--

CREATE TABLE `main_sliders` (
  `id` bigint(20) UNSIGNED NOT NULL,
  `title` varchar(255) NOT NULL,
  `image` varchar(255) NOT NULL,
  `status` tinyint(1) NOT NULL DEFAULT 1,
  `created_at` timestamp NULL DEFAULT NULL,
  `updated_at` timestamp NULL DEFAULT NULL
) ENGINE=InnoDB DEFAULT CHARSET=utf8mb4 COLLATE=utf8mb4_unicode_ci;

--
-- Dumping data for table `main_sliders`
--

INSERT INTO `main_sliders` (`id`, `title`, `image`, `status`, `created_at`, `updated_at`) VALUES
(1, 'TRACK YOUR PACKAGE REAL-TIME UPDATES', 'uploads/main_sliders/main_slider_1756633126.png', 1, '2025-08-31 03:38:46', '2025-08-31 03:38:46'),
(2, 'FAST DELIVERY HAPPY MOMENTS, YOUR PACKAGE OUR PRIORITY.', 'uploads/main_sliders/main_slider_1756633166.png', 1, '2025-08-31 03:39:26', '2025-08-31 03:39:26'),
(3, 'RELIABLE SHIPPING WORLDWIDE DELIVERY', 'uploads/main_sliders/main_slider_1756633230.png', 1, '2025-08-31 03:40:30', '2025-08-31 03:40:30');

-- --------------------------------------------------------

--
-- Table structure for table `menu_items`
--

CREATE TABLE `menu_items` (
  `id` bigint(20) UNSIGNED NOT NULL,
  `name` varchar(255) NOT NULL,
  `route` varchar(255) DEFAULT NULL,
  `type` varchar(255) DEFAULT 'category',
  `order` int(11) NOT NULL DEFAULT 0,
  `is_visible` tinyint(1) NOT NULL DEFAULT 1,
  `created_at` timestamp NULL DEFAULT NULL,
  `updated_at` timestamp NULL DEFAULT NULL
) ENGINE=InnoDB DEFAULT CHARSET=utf8mb4 COLLATE=utf8mb4_unicode_ci;

--
-- Dumping data for table `menu_items`
--

INSERT INTO `menu_items` (`id`, `name`, `route`, `type`, `order`, `is_visible`, `created_at`, `updated_at`) VALUES
(1, 'Shirt Collection', '/category/shirt-collection', 'category', 1, 1, '2025-08-12 04:32:13', '2025-08-21 21:10:02'),
(2, 'Bottom Wear', '/category/bottom-wear', 'category', 7, 0, '2025-08-12 04:32:13', '2025-08-21 21:10:03'),
(3, 'Winter Collection', '/category/winter-collection', 'category', 8, 0, '2025-08-12 04:32:13', '2025-08-21 21:10:03'),
(4, 'Denim Collection', '/category/denim-collection', 'category', 6, 1, '2025-08-12 04:32:13', '2025-08-21 21:10:03'),
(5, 'T-Shirt Collection', '/category/t-shirt-collection', 'category', 2, 1, '2025-08-12 04:32:13', '2025-08-21 21:10:02'),
(6, 'Jersey Collection', '/category/jersey-collection', 'category', 4, 1, '2025-08-12 04:32:13', '2025-08-21 21:10:03'),
(7, 'Kids Collection', '/category/kids-collection', 'category', 9, 0, '2025-08-12 04:32:13', '2025-08-21 21:10:03'),
(8, 'Panjabi Collection', '/category/panjabi-collection', 'category', 10, 0, '2025-08-12 04:32:14', '2025-08-21 21:10:03'),
(9, 'Women Collection', '/category/women-collection', 'category', 11, 0, '2025-08-12 04:32:14', '2025-08-21 21:10:03'),
(10, 'Shoes Collection', '/category/shoes-collection', 'category', 12, 0, '2025-08-12 04:32:14', '2025-08-21 21:10:03'),
(11, 'Jewelry & Accessories', '/category/jewelry-accessories', 'category', 13, 0, '2025-08-12 04:32:14', '2025-08-21 21:10:03'),
(12, 'Cosplay Products', '/category/cosplay-products', 'category', 3, 1, '2025-08-12 04:32:14', '2025-08-21 21:10:02'),
(13, 'Others', '/category/others', 'category', 14, 0, '2025-08-12 04:32:14', '2025-08-21 21:10:03'),
(16, 'Bundle Offer', '/offer/bundle-offer', 'Summer T-Shirt Deal', 0, 1, '2025-08-21 20:54:32', '2025-08-21 21:10:02'),
(17, 'Mega Deal', '/offer/mega-deal', 'Jersey Deal', 5, 0, '2025-08-21 20:54:32', '2025-08-21 21:10:03');

-- --------------------------------------------------------

--
-- Table structure for table `messages`
--

CREATE TABLE `messages` (
  `id` bigint(20) UNSIGNED NOT NULL,
  `name` varchar(255) NOT NULL,
  `phone` varchar(255) NOT NULL,
  `email` varchar(255) NOT NULL,
  `msg` longtext NOT NULL,
  `created_at` timestamp NULL DEFAULT NULL,
  `updated_at` timestamp NULL DEFAULT NULL
) ENGINE=InnoDB DEFAULT CHARSET=utf8mb4 COLLATE=utf8mb4_unicode_ci;

-- --------------------------------------------------------

--
-- Table structure for table `migrations`
--

CREATE TABLE `migrations` (
  `id` int(10) UNSIGNED NOT NULL,
  `migration` varchar(255) NOT NULL,
  `batch` int(11) NOT NULL
) ENGINE=InnoDB DEFAULT CHARSET=utf8mb4 COLLATE=utf8mb4_unicode_ci;

--
-- Dumping data for table `migrations`
--

INSERT INTO `migrations` (`id`, `migration`, `batch`) VALUES
(1, '0001_01_01_000000_create_users_table', 1),
(2, '0001_01_01_000001_create_cache_table', 1),
(3, '0001_01_01_000002_create_jobs_table', 1),
(4, '2025_05_06_073002_create_permission_tables', 1),
(5, '2024_11_13_082412_create_system_information_table', 2),
(6, '2024_11_16_104315_create_designations_table', 2),
(7, '2024_11_17_062502_create_branches_table', 2),
(8, '2024_11_19_073342_create_log_activities_table', 2),
(10, '2025_06_23_110027_create_services_table', 4),
(11, '2025_06_25_070427_create_sliders_table', 4),
(12, '2025_06_25_074502_create_galleries_table', 4),
(13, '2025_06_25_082218_create_client_says_table', 4),
(15, '2025_06_25_092814_create_news_and_media_table', 4),
(16, '2025_06_25_093403_create_blogs_table', 4),
(17, '2025_06_25_094932_create_extra_pages_table', 4),
(18, '2025_06_25_095027_create_messages_table', 4),
(19, '2025_06_25_095156_create_social_links_table', 4),
(20, '2025_06_25_095250_create_contacts_table', 4),
(21, '2025_06_25_095306_create_about_us_table', 4),
(22, '2025_07_13_040456_create_default_locations_table', 4),
(25, '2025_08_08_135221_create_brands_table', 4),
(26, '2025_08_08_151237_create_categories_table', 5),
(27, '2025_08_08_152326_create_animation_categories_table', 5),
(28, '2025_08_08_155439_create_subcategories_table', 6),
(29, '2025_08_08_164747_create_sub_subcategories_table', 7),
(30, '2025_08_09_062809_create_fabrics_table', 8),
(31, '2025_08_09_065157_create_colors_table', 9),
(32, '2025_08_09_065253_create_units_table', 9),
(33, '2025_08_09_071933_create_sizes_table', 10),
(34, '2025_08_09_081932_create_size_charts_table', 11),
(35, '2025_08_09_081950_create_size_chart_entries_table', 11),
(36, '2025_08_09_094718_create_assign_charts_table', 12),
(37, '2025_08_09_094927_create_assign_chart_entries_table', 12),
(40, '2025_08_09_101807_create_products_table', 13),
(41, '2025_08_09_101907_create_product_variants_table', 13),
(42, '2025_08_10_160329_create_assign_categories_table', 14),
(43, '2025_08_12_095121_create_menu_items_table', 15),
(44, '2025_08_12_103956_create_settings_table', 16),
(45, '2025_08_12_112747_create_bundle_offers_table', 17),
(48, '2025_08_12_112801_create_bundle_offer_tiers_table', 18),
(49, '2025_08_12_112831_create_bundle_offer_products_table', 18),
(50, '2025_08_13_005042_create_sidebar_menus_table', 19),
(52, '2025_08_13_084408_create_offersection_settings_table', 20),
(53, '2025_08_13_092230_create_slider_controls_table', 21),
(54, '2025_08_14_072941_create_customer_addresses_table', 22),
(55, '2025_06_20_044750_create_customers_table', 23),
(56, '2025_08_14_133807_create_orders_table', 24),
(57, '2025_08_14_133825_create_order_details_table', 24),
(58, '2025_08_17_123603_create_payments_table', 25),
(59, '2025_07_26_025305_create_coupons_table', 26),
(60, '2025_07_26_030042_create_coupon_user_table', 26),
(61, '2025_08_17_165644_create_reward_point_settings_table', 27),
(62, '2025_08_17_165706_create_reward_points_table', 27),
(63, '2025_08_18_022712_create_expense_categories_table', 28),
(64, '2025_08_18_022828_create_expenses_table', 28),
(65, '2025_06_25_092205_create_reviews_table', 29),
(66, '2025_08_27_104840_create_stock_histories_table', 29),
(67, '2025_08_27_113641_create_suppliers_table', 29),
(68, '2025_08_27_171126_create_purchases_table', 29),
(69, '2025_08_27_171156_create_purchase_details_table', 29),
(70, '2025_08_28_025645_create_analytic_settings_table', 29),
(71, '2025_08_28_053113_create_support_tickets_table', 30),
(72, '2025_08_28_053141_create_support_ticket_categories_table', 30),
(73, '2025_08_28_060512_create_ticket_contact_infos_table', 31),
(75, '2025_08_28_070604_create_support_page_categories_table', 32),
(76, '2025_08_28_071515_create_support_qas_table', 33),
(77, '2025_08_31_051627_create_offer_products_table', 34),
(78, '2025_08_31_054953_create_offer_banners_table', 35),
(79, '2025_08_31_093003_create_main_sliders_table', 36);

-- --------------------------------------------------------

--
-- Table structure for table `model_has_permissions`
--

CREATE TABLE `model_has_permissions` (
  `permission_id` bigint(20) UNSIGNED NOT NULL,
  `model_type` varchar(255) NOT NULL,
  `model_id` bigint(20) UNSIGNED NOT NULL
) ENGINE=InnoDB DEFAULT CHARSET=utf8mb4 COLLATE=utf8mb4_unicode_ci;

-- --------------------------------------------------------

--
-- Table structure for table `model_has_roles`
--

CREATE TABLE `model_has_roles` (
  `role_id` bigint(20) UNSIGNED NOT NULL,
  `model_type` varchar(255) NOT NULL,
  `model_id` bigint(20) UNSIGNED NOT NULL
) ENGINE=InnoDB DEFAULT CHARSET=utf8mb4 COLLATE=utf8mb4_unicode_ci;

--
-- Dumping data for table `model_has_roles`
--

INSERT INTO `model_has_roles` (`role_id`, `model_type`, `model_id`) VALUES
(1, 'App\\Models\\User', 1),
(1, 'App\\Models\\User', 2);

-- --------------------------------------------------------

--
-- Table structure for table `news_and_media`
--

CREATE TABLE `news_and_media` (
  `id` bigint(20) UNSIGNED NOT NULL,
  `title` varchar(255) NOT NULL,
  `des` longtext DEFAULT NULL,
  `image` longtext NOT NULL,
  `status` varchar(255) NOT NULL,
  `created_at` timestamp NULL DEFAULT NULL,
  `updated_at` timestamp NULL DEFAULT NULL
) ENGINE=InnoDB DEFAULT CHARSET=utf8mb4 COLLATE=utf8mb4_unicode_ci;

-- --------------------------------------------------------

--
-- Table structure for table `offersection_settings`
--

CREATE TABLE `offersection_settings` (
  `id` bigint(20) UNSIGNED NOT NULL,
  `is_visible` tinyint(1) NOT NULL DEFAULT 1,
  `background_color` varchar(255) NOT NULL DEFAULT '#FFFFFF',
  `bundle_offer_id` bigint(20) UNSIGNED DEFAULT NULL,
  `route` varchar(255) DEFAULT NULL COMMENT 'e.g., route for the offer section',
  `created_at` timestamp NULL DEFAULT NULL,
  `updated_at` timestamp NULL DEFAULT NULL
) ENGINE=InnoDB DEFAULT CHARSET=utf8mb4 COLLATE=utf8mb4_unicode_ci;

--
-- Dumping data for table `offersection_settings`
--

INSERT INTO `offersection_settings` (`id`, `is_visible`, `background_color`, `bundle_offer_id`, `route`, `created_at`, `updated_at`) VALUES
(1, 1, 'linear-gradient(135deg, #a7b7e5, #5a57a1)', NULL, '/offer/bundle-offer', '2025-08-13 03:01:37', '2025-08-21 20:46:42');

-- --------------------------------------------------------

--
-- Table structure for table `offer_banners`
--

CREATE TABLE `offer_banners` (
  `id` bigint(20) UNSIGNED NOT NULL,
  `banner_type` varchar(255) NOT NULL,
  `image` varchar(255) NOT NULL,
  `status` tinyint(1) NOT NULL DEFAULT 1,
  `created_at` timestamp NULL DEFAULT NULL,
  `updated_at` timestamp NULL DEFAULT NULL
) ENGINE=InnoDB DEFAULT CHARSET=utf8mb4 COLLATE=utf8mb4_unicode_ci;

--
-- Dumping data for table `offer_banners`
--

INSERT INTO `offer_banners` (`id`, `banner_type`, `image`, `status`, `created_at`, `updated_at`) VALUES
(4, '1st', 'public/uploads/offer_banners/offer_banner_1756620887.png', 1, '2025-08-31 00:14:48', '2025-08-31 00:14:48'),
(5, '2nd', 'public/uploads/offer_banners/offer_banner_1756620924.png', 1, '2025-08-31 00:15:24', '2025-08-31 00:15:24'),
(6, '3rd', 'public/uploads/offer_banners/offer_banner_1756620964.png', 1, '2025-08-31 00:16:04', '2025-08-31 00:16:04'),
(7, '4th', 'public/uploads/offer_banners/offer_banner_1756620997.png', 1, '2025-08-31 00:16:37', '2025-08-31 00:16:37'),
(8, 'main', 'public/uploads/offer_banners/offer_banner_1756621046.png', 1, '2025-08-31 00:17:26', '2025-08-31 00:17:26');

-- --------------------------------------------------------

--
-- Table structure for table `offer_products`
--

CREATE TABLE `offer_products` (
  `id` bigint(20) UNSIGNED NOT NULL,
  `discount_price` decimal(10,2) DEFAULT NULL,
  `product_id` bigint(20) UNSIGNED NOT NULL,
  `offer_start_date` date NOT NULL,
  `offer_end_date` date NOT NULL,
  `status` tinyint(1) NOT NULL DEFAULT 1 COMMENT '1=Active, 0=Inactive',
  `created_at` timestamp NULL DEFAULT NULL,
  `updated_at` timestamp NULL DEFAULT NULL
) ENGINE=InnoDB DEFAULT CHARSET=utf8mb4 COLLATE=utf8mb4_unicode_ci;

--
-- Dumping data for table `offer_products`
--

INSERT INTO `offer_products` (`id`, `discount_price`, `product_id`, `offer_start_date`, `offer_end_date`, `status`, `created_at`, `updated_at`) VALUES
(1, 300.00, 343, '2025-08-31', '2025-09-29', 1, '2025-08-30 23:37:00', '2025-08-30 23:37:00'),
(2, 200.00, 347, '2025-08-31', '2025-09-30', 1, '2025-08-30 23:37:33', '2025-08-30 23:37:33');

-- --------------------------------------------------------

--
-- Table structure for table `orders`
--

CREATE TABLE `orders` (
  `id` bigint(20) UNSIGNED NOT NULL,
  `old_id` int(20) DEFAULT NULL,
  `customer_id` bigint(20) UNSIGNED DEFAULT NULL,
  `invoice_no` varchar(255) DEFAULT NULL,
  `subtotal` decimal(10,2) DEFAULT NULL,
  `shipping_cost` decimal(10,2) NOT NULL DEFAULT 0.00,
  `discount` decimal(10,2) NOT NULL DEFAULT 0.00,
  `total_amount` decimal(10,2) DEFAULT NULL,
  `total_pay` decimal(10,2) DEFAULT NULL,
  `cod` decimal(10,2) DEFAULT NULL,
  `due` decimal(10,2) DEFAULT NULL,
  `status` varchar(255) DEFAULT 'pending',
  `shipping_address` text DEFAULT NULL,
  `billing_address` text DEFAULT NULL,
  `payment_method` varchar(255) DEFAULT NULL,
  `payment_status` varchar(255) DEFAULT 'pending',
  `payment_term` varchar(255) DEFAULT NULL,
  `order_from` varchar(255) DEFAULT NULL,
  `trxID` varchar(255) DEFAULT NULL,
  `statusMessage` text DEFAULT NULL,
  `notes` text DEFAULT NULL,
  `created_at` timestamp NULL DEFAULT NULL,
  `updated_at` timestamp NULL DEFAULT NULL
) ENGINE=InnoDB DEFAULT CHARSET=utf8mb4 COLLATE=utf8mb4_unicode_ci;

-- --------------------------------------------------------

--
-- Table structure for table `order_details`
--

CREATE TABLE `order_details` (
  `id` bigint(20) UNSIGNED NOT NULL,
  `old_id` int(20) DEFAULT NULL,
  `order_id` bigint(20) UNSIGNED DEFAULT NULL,
  `product_id` bigint(20) UNSIGNED DEFAULT NULL,
  `product_variant_id` varchar(255) DEFAULT NULL,
  `color` varchar(255) DEFAULT NULL,
  `size` varchar(255) DEFAULT NULL,
  `quantity` int(11) DEFAULT NULL,
  `unit_price` decimal(10,2) DEFAULT NULL,
  `subtotal` decimal(10,2) DEFAULT NULL,
  `delivery_status` varchar(255) DEFAULT NULL,
  `discount` decimal(10,2) DEFAULT NULL,
  `after_discount_price` decimal(10,2) DEFAULT NULL,
  `created_at` timestamp NULL DEFAULT NULL,
  `updated_at` timestamp NULL DEFAULT NULL
) ENGINE=InnoDB DEFAULT CHARSET=utf8mb4 COLLATE=utf8mb4_unicode_ci;

-- --------------------------------------------------------

--
-- Table structure for table `password_reset_tokens`
--

CREATE TABLE `password_reset_tokens` (
  `email` varchar(255) NOT NULL,
  `token` varchar(255) NOT NULL,
  `created_at` timestamp NULL DEFAULT NULL
) ENGINE=InnoDB DEFAULT CHARSET=utf8mb4 COLLATE=utf8mb4_unicode_ci;

-- --------------------------------------------------------

--
-- Table structure for table `payments`
--

CREATE TABLE `payments` (
  `id` bigint(20) UNSIGNED NOT NULL,
  `order_id` bigint(20) UNSIGNED NOT NULL,
  `amount` decimal(10,2) NOT NULL,
  `payment_date` date NOT NULL,
  `payment_method` varchar(255) DEFAULT NULL,
  `note` text DEFAULT NULL,
  `created_at` timestamp NULL DEFAULT NULL,
  `updated_at` timestamp NULL DEFAULT NULL
) ENGINE=InnoDB DEFAULT CHARSET=utf8mb4 COLLATE=utf8mb4_unicode_ci;

-- --------------------------------------------------------

--
-- Table structure for table `permissions`
--

CREATE TABLE `permissions` (
  `id` bigint(20) UNSIGNED NOT NULL,
  `group_name` varchar(255) DEFAULT NULL,
  `name` varchar(255) NOT NULL,
  `guard_name` varchar(255) NOT NULL,
  `created_at` timestamp NULL DEFAULT NULL,
  `updated_at` timestamp NULL DEFAULT NULL
) ENGINE=InnoDB DEFAULT CHARSET=utf8mb4 COLLATE=utf8mb4_unicode_ci;

--
-- Dumping data for table `permissions`
--

INSERT INTO `permissions` (`id`, `group_name`, `name`, `guard_name`, `created_at`, `updated_at`) VALUES
(1, 'role', 'roleView', 'web', '2025-05-06 02:07:07', '2025-05-06 02:07:07'),
(2, 'role', 'roleAdd', 'web', '2025-05-06 02:07:07', '2025-05-06 02:07:07'),
(3, 'role', 'roleEdit', 'web', '2025-05-06 02:07:08', '2025-05-06 02:07:08'),
(4, 'role', 'roleDelete', 'web', '2025-05-06 02:07:08', '2025-05-06 02:07:08'),
(5, 'user', 'userAdd', 'web', '2025-05-06 02:07:09', '2025-05-06 02:07:09'),
(6, 'user', 'userView', 'web', '2025-05-06 02:07:09', '2025-05-06 02:07:09'),
(7, 'user', 'userDelete', 'web', '2025-05-06 02:07:09', '2025-05-06 02:07:09'),
(8, 'user', 'userUpdate', 'web', '2025-05-06 02:07:10', '2025-05-06 02:07:10'),
(9, 'permission', 'permissionAdd', 'web', '2025-05-06 02:07:10', '2025-05-06 02:07:10'),
(10, 'permission', 'permissionView', 'web', '2025-05-06 02:07:10', '2025-05-06 02:07:10'),
(11, 'permission', 'permissionDelete', 'web', '2025-05-06 02:07:11', '2025-05-06 02:07:11'),
(12, 'permission', 'permissionUpdate', 'web', '2025-05-06 02:07:11', '2025-05-06 02:07:11'),
(13, 'profile', 'profileView', 'web', '2025-05-06 02:07:12', '2025-05-06 02:07:12'),
(14, 'profile', 'profileSetting', 'web', '2025-05-06 02:07:12', '2025-05-06 02:07:12'),
(15, 'dashboard', 'dashboardView', 'web', '2025-05-06 02:07:12', '2025-05-06 02:07:12'),
(16, 'branch', 'branchAdd', 'web', NULL, NULL),
(17, 'branch', 'branchView', 'web', NULL, NULL),
(18, 'branch', 'branchDelete', 'web', NULL, NULL),
(19, 'branch', 'branchUpdate', 'web', NULL, NULL),
(20, 'designation', 'designationAdd', 'web', NULL, NULL),
(21, 'designation', 'designationView', 'web', NULL, NULL),
(22, 'designation', 'designationDelete', 'web', NULL, NULL),
(23, 'designation', 'designationUpdate', 'web', NULL, NULL),
(24, 'panelSetting', 'panelSettingAdd', 'web', NULL, NULL),
(25, 'panelSetting', 'panelSettingView', 'web', NULL, NULL),
(26, 'panelSetting', 'panelSettingDelete', 'web', NULL, NULL),
(27, 'panelSetting', 'panelSettingUpdate', 'web', NULL, NULL),
(30, 'category', 'categoryAdd', 'web', NULL, NULL),
(31, 'category', 'categoryView', 'web', NULL, NULL),
(32, 'category', 'categoryDelete', 'web', NULL, NULL),
(33, 'category', 'categoryUpdate', 'web', NULL, NULL),
(42, 'unit', 'unitAdd', 'web', NULL, NULL),
(43, 'unit', 'unitView', 'web', NULL, NULL),
(44, 'unit', 'unitDelete', 'web', NULL, NULL),
(45, 'unit', 'unitUpdate', 'web', NULL, NULL),
(48, 'brand', 'brandAdd', 'web', NULL, NULL),
(49, 'brand', 'brandView', 'web', NULL, NULL),
(50, 'brand', 'brandUpdate', 'web', NULL, NULL),
(51, 'brand', 'brandDelete', 'web', NULL, NULL),
(53, 'animationCategory', 'animationCategoryAdd', 'web', NULL, NULL),
(54, 'animationCategory', 'animationCategoryView', 'web', NULL, NULL),
(55, 'animationCategory', 'animationCategoryDelete', 'web', NULL, NULL),
(56, 'animationCategory', 'animationCategoryUpdate', 'web', NULL, NULL),
(57, 'subCategory', 'subcategoryAdd', 'web', NULL, NULL),
(58, 'subCategory', 'subcategoryView', 'web', NULL, NULL),
(59, 'subCategory', 'subcategoryDelete', 'web', NULL, NULL),
(60, 'subCategory', 'subcategoryUpdate', 'web', NULL, NULL),
(61, 'sub-subcategory', 'sub-subcategoryAdd', 'web', NULL, NULL),
(62, 'sub-subcategory', 'sub-subcategoryView', 'web', NULL, NULL),
(63, 'sub-subcategory', 'sub-subcategoryDelete', 'web', NULL, NULL),
(64, 'sub-subcategory', 'sub-subcategoryUpdate', 'web', NULL, NULL),
(65, 'fabric', 'fabricAdd', 'web', NULL, NULL),
(66, 'fabric', 'fabricView', 'web', NULL, NULL),
(67, 'fabric', 'fabricDelete', 'web', NULL, NULL),
(68, 'fabric', 'fabricUpdate', 'web', NULL, NULL),
(69, 'size', 'sizeAdd', 'web', NULL, NULL),
(70, 'size', 'sizeView', 'web', NULL, NULL),
(71, 'size', 'sizeDelete', 'web', NULL, NULL),
(72, 'size', 'sizeUpdate', 'web', NULL, NULL),
(73, 'color', 'colorAdd', 'web', NULL, NULL),
(74, 'color', 'colorView', 'web', NULL, NULL),
(75, 'color', 'colorDelete', 'web', NULL, NULL),
(76, 'color', 'colorUpdate', 'web', NULL, NULL),
(81, 'sizeChart', 'sizeChartAdd', 'web', NULL, NULL),
(82, 'sizeChart', 'sizeChartView', 'web', NULL, NULL),
(83, 'sizeChart', 'sizeChartDelete', 'web', NULL, NULL),
(84, 'sizeChart', 'sizeChartUpdate', 'web', NULL, NULL),
(85, 'product', 'productAdd', 'web', NULL, NULL),
(86, 'product', 'productView', 'web', NULL, NULL),
(87, 'product', 'productDelete', 'web', NULL, NULL),
(88, 'product', 'productUpdate', 'web', NULL, NULL),
(89, 'barcode', 'barcodeView', 'web', NULL, NULL),
(90, 'header', 'headerAdd', 'web', NULL, NULL),
(91, 'header', 'headerView', 'web', NULL, NULL),
(92, 'header', 'headerDelete', 'web', NULL, NULL),
(93, 'header', 'headerUpdate', 'web', NULL, NULL),
(94, 'bundle offer', 'bundleofferAdd', 'web', NULL, NULL),
(95, 'bundle offer', 'bundleofferView', 'web', NULL, NULL),
(96, 'bundle offer', 'bundleofferDelete', 'web', NULL, NULL),
(97, 'bundle offer', 'bundleofferUpdate', 'web', NULL, NULL),
(98, 'offerDetail', 'offerDetailAdd', 'web', NULL, NULL),
(99, 'offerDetail', 'offerDetailView', 'web', NULL, NULL),
(100, 'offerDetail', 'offerDetailDelete', 'web', NULL, NULL),
(101, 'offerDetail', 'offerDetailUpdate', 'web', NULL, NULL),
(102, 'sideBar', 'sideBarView', 'web', NULL, NULL),
(103, 'offerSectionControl', 'offerSectionControlView', 'web', NULL, NULL),
(104, 'sliderSection', 'sliderSectionView', 'web', NULL, NULL),
(106, 'extraPage', 'extraPageAdd', 'web', NULL, NULL),
(107, 'extraPage', 'extraPageView', 'web', NULL, NULL),
(108, 'extraPage', 'extraPageDelete', 'web', NULL, NULL),
(109, 'extraPage', 'extraPageUpdate', 'web', NULL, NULL),
(110, 'message', 'messageAdd', 'web', NULL, NULL),
(111, 'message', 'messageView', 'web', NULL, NULL),
(112, 'message', 'messageDelete', 'web', NULL, NULL),
(113, 'message', 'messageUpdate', 'web', NULL, NULL),
(114, 'aboutUs', 'aboutUsAdd', 'web', NULL, NULL),
(115, 'aboutUs', 'aboutUsView', 'web', NULL, NULL),
(116, 'aboutUs', 'aboutUsDelete', 'web', NULL, NULL),
(117, 'aboutUs', 'aboutUsUpdate', 'web', NULL, NULL),
(118, 'socialLink', 'socialLinkAdd', 'web', NULL, NULL),
(119, 'socialLink', 'socialLinkView', 'web', NULL, NULL),
(120, 'socialLink', 'socialLinkDelete', 'web', NULL, NULL),
(121, 'socialLink', 'socialLinkUpdate', 'web', NULL, NULL),
(122, 'customer', 'customerAdd', 'web', NULL, NULL),
(123, 'customer', 'customerView', 'web', NULL, NULL),
(124, 'customer', 'customerDelete', 'web', NULL, NULL),
(125, 'customer', 'customerUpdate', 'web', NULL, NULL),
(126, 'invoice', 'invoiceAdd', 'web', NULL, NULL),
(127, 'invoice', 'invoiceView', 'web', NULL, NULL),
(128, 'invoice', 'invoiceDelete', 'web', NULL, NULL),
(129, 'invoice', 'invoiceUpdate', 'web', NULL, NULL),
(130, 'coupon', 'couponAdd', 'web', NULL, NULL),
(131, 'coupon', 'couponView', 'web', NULL, NULL),
(132, 'coupon', 'couponDelete', 'web', NULL, NULL),
(133, 'coupon', 'couponUpdate', 'web', NULL, NULL),
(134, 'rewardPoint', 'rewardPointAdd', 'web', NULL, NULL),
(135, 'rewardPoint', 'rewardPointView', 'web', NULL, NULL),
(136, 'rewardPoint', 'rewardPointDelete', 'web', NULL, NULL),
(137, 'rewardPoint', 'rewardPointUpdate', 'web', NULL, NULL),
(138, 'expense-category', 'expense-categoryAdd', 'web', NULL, NULL),
(139, 'expense-category', 'expense-categoryView', 'web', NULL, NULL),
(140, 'expense-category', 'expense-categoryDelete', 'web', NULL, NULL),
(141, 'expense-category', 'expense-categoryUpdate', 'web', NULL, NULL),
(142, 'expense', 'expenseAdd', 'web', NULL, NULL),
(143, 'expense', 'expenseView', 'web', NULL, NULL),
(144, 'expense', 'expenseDelete', 'web', NULL, NULL),
(145, 'expense', 'expenseUpdate', 'web', NULL, NULL),
(146, 'report', 'reportAdd', 'web', NULL, NULL),
(147, 'report', 'reportView', 'web', NULL, NULL),
(148, 'report', 'reportDelete', 'web', NULL, NULL),
(149, 'report', 'reportUpdate', 'web', NULL, NULL),
(150, 'pos', 'posAdd', 'web', NULL, NULL),
(151, 'pos', 'posView', 'web', NULL, NULL),
(152, 'pos', 'posDelete', 'web', NULL, NULL),
(153, 'pos', 'posUpdate', 'web', NULL, NULL),
(154, 'stock', 'stockView', 'web', NULL, NULL),
(155, 'supplier', 'supplierAdd', 'web', NULL, NULL),
(156, 'supplier', 'supplierView', 'web', NULL, NULL),
(157, 'supplier', 'supplierDelete', 'web', NULL, NULL),
(158, 'supplier', 'supplierUpdate', 'web', NULL, NULL),
(159, 'purchase', 'purchaseAdd', 'web', NULL, NULL),
(160, 'purchase', 'purchaseView', 'web', NULL, NULL),
(161, 'purchase', 'purchaseDelete', 'web', NULL, NULL),
(162, 'purchase', 'purchaseUpdate', 'web', NULL, NULL),
(163, 'anlyticSetting', 'anlyticSettingView', 'web', NULL, NULL),
(164, 'review', 'reviewAdd', 'web', NULL, NULL),
(165, 'review', 'reviewView', 'web', NULL, NULL),
(166, 'review', 'reviewDelete', 'web', NULL, NULL),
(167, 'review', 'reviewUpdate', 'web', NULL, NULL),
(168, 'Support', 'supportAdd', 'web', NULL, NULL),
(169, 'Support', 'supportView', 'web', NULL, NULL),
(170, 'Support', 'supportDelete', 'web', NULL, NULL),
(171, 'Support', 'supportUpdate', 'web', NULL, NULL),
(172, 'supportCategory', 'supportCategoryAdd', 'web', NULL, NULL),
(173, 'supportCategory', 'supportCategoryView', 'web', NULL, NULL),
(174, 'supportCategory', 'supportCategoryDelete', 'web', NULL, NULL),
(176, 'offerProduct', 'offerProductAdd', 'web', NULL, NULL),
(177, 'offerProduct', 'offerProductView', 'web', NULL, NULL),
(178, 'offerProduct', 'OfferProductDelete', 'web', NULL, NULL),
(179, 'offerProduct', 'OfferProductUpdate', 'web', NULL, NULL),
(180, 'offerBanner', 'offerBannerAdd', 'web', NULL, NULL),
(181, 'offerBanner', 'offerBannerView', 'web', NULL, NULL),
(182, 'offerBanner', 'offerBannerDelete', 'web', NULL, NULL),
(183, 'offerBanner', 'OfferBannerUpdate', 'web', NULL, NULL),
(188, 'slider', 'sliderAdd', 'web', NULL, NULL),
(189, 'slider', 'sliderView', 'web', NULL, NULL),
(190, 'slider', 'sliderDelete', 'web', NULL, NULL),
(191, 'slider', 'sliderUpdate', 'web', NULL, NULL);

-- --------------------------------------------------------

--
-- Table structure for table `products`
--

CREATE TABLE `products` (
  `id` bigint(20) UNSIGNED NOT NULL,
  `name` varchar(255) NOT NULL,
  `slug` varchar(255) NOT NULL,
  `product_code` varchar(255) DEFAULT NULL,
  `brand_id` bigint(20) UNSIGNED DEFAULT NULL,
  `category_id` bigint(20) UNSIGNED DEFAULT NULL,
  `subcategory_id` bigint(20) UNSIGNED DEFAULT NULL,
  `sub_subcategory_id` bigint(20) UNSIGNED DEFAULT NULL,
  `fabric_id` bigint(20) UNSIGNED DEFAULT NULL,
  `unit_id` bigint(20) UNSIGNED DEFAULT NULL,
  `description` text DEFAULT NULL,
  `base_price` decimal(10,2) NOT NULL,
  `discount_price` decimal(10,2) DEFAULT NULL,
  `purchase_price` decimal(10,2) NOT NULL,
  `main_image` longtext CHARACTER SET utf8mb4 COLLATE utf8mb4_bin DEFAULT NULL CHECK (json_valid(`main_image`)),
  `thumbnail_image` longtext CHARACTER SET utf8mb4 COLLATE utf8mb4_bin DEFAULT NULL CHECK (json_valid(`thumbnail_image`)),
  `status` tinyint(1) NOT NULL DEFAULT 1,
  `deleted_at` timestamp NULL DEFAULT NULL,
  `created_at` timestamp NULL DEFAULT NULL,
  `updated_at` timestamp NULL DEFAULT NULL
) ENGINE=InnoDB DEFAULT CHARSET=utf8mb4 COLLATE=utf8mb4_unicode_ci;

--
-- Dumping data for table `products`
--

INSERT INTO `products` (`id`, `name`, `slug`, `product_code`, `brand_id`, `category_id`, `subcategory_id`, `sub_subcategory_id`, `fabric_id`, `unit_id`, `description`, `base_price`, `discount_price`, `purchase_price`, `main_image`, `thumbnail_image`, `status`, `deleted_at`, `created_at`, `updated_at`) VALUES
(2, 'Premium Drop Shoulder', 'premium-drop-shoulder', 'PREM-24699', 1, 5, 23, NULL, 2, 1, NULL, 550.00, 380.00, 400.00, '[\"products\\/thumbnails\\/4955734f-4e34-4650-a067-b570e6e557b8.webp\",\"products\\/thumbnails\\/d89c64c4-14bb-4d14-840a-9bd550de5de1.webp\"]', '[\"products\\/thumbnails\\/b03129a7-79e6-4a52-b1dc-205357f59681.webp\",\"products\\/thumbnails\\/d3317dee-7a1e-4cb5-8f25-9b23a4d75ebf.webp\"]', 1, '2025-08-28 01:32:33', '2025-08-10 08:19:31', '2025-08-28 01:32:33'),
(338, 'Wallmate long', 'wallmate-long', 'WALL-12954', 1, 1, 21, NULL, NULL, 1, '<p><font color=\"#080809\" face=\"Segoe UI Historic, Segoe UI, Helvetica, Arial, sans-serif\"><span style=\"font-size: 15px; white-space-collapse: preserve;\">Wallmate  the perfect space-saving storage solution! Easy to install, durable, and stylish, it keeps your walls neat and organized while adding a modern touch to your home or office.</span></font></p>', 400.00, NULL, 350.00, '[\"products\\/thumbnails\\/a3e383f5-c6a3-4968-81e8-e67dec8c058a.webp\"]', '[\"products\\/thumbnails\\/3fba902e-a175-41fa-81fa-8450b6a6ec26.webp\"]', 1, NULL, '2025-08-30 22:03:15', '2025-08-30 22:03:15'),
(339, 'Wallmate home Decor', 'wallmate-home-decor', 'WALL-40195', 1, 1, 21, NULL, NULL, 1, '<p>Wallmate  the perfect space-saving storage solution! Easy to install, durable, and stylish, it keeps your walls neat and organized while adding a modern touch to your home or office.</p>', 800.00, 700.00, 400.00, '[\"products\\/thumbnails\\/e51ed1a8-dfa2-4d64-b178-f2d0970d6e74.webp\"]', '[\"products\\/thumbnails\\/dfb8e501-c38e-4878-b791-df53bfdf82c4.webp\"]', 1, NULL, '2025-08-30 22:08:55', '2025-08-30 22:08:55'),
(340, 'Wallmate office', 'wallmate-office', 'WALL-66655', 1, 1, 21, NULL, NULL, 1, '<p>Wallmate  the perfect space-saving storage solution! Easy to install, durable, and stylish, it keeps your walls neat and organized while adding a modern touch to your home or office.</p>', 600.00, 550.00, 300.00, '[\"products\\/thumbnails\\/9685cdc7-ec79-451a-8ec1-715d3dac949e.webp\"]', '[\"products\\/thumbnails\\/44143949-c092-427c-81db-6886ac50fdfb.webp\"]', 1, NULL, '2025-08-30 22:11:18', '2025-08-30 22:11:18'),
(341, 'Wallmate Drawing Room', 'wallmate-drawing-room', 'WALL-87273', 1, 1, 21, NULL, NULL, 1, '<p>Wallmate  the perfect space-saving storage solution! Easy to install, durable, and stylish, it keeps your walls neat and organized while adding a modern touch to your home or office.</p>', 800.00, 750.00, 400.00, '[\"products\\/thumbnails\\/3d0c3b74-3cb4-435f-908c-0742451bd2e6.webp\"]', '[\"products\\/thumbnails\\/ded07d0a-56cc-4775-b313-ed1c5e4e761b.webp\"]', 1, NULL, '2025-08-30 22:14:09', '2025-08-30 22:14:09'),
(342, 'Wallmate Study', 'wallmate-study', 'WALL-80275', 1, 1, 21, NULL, NULL, 1, '<p>Wallmate  the perfect space-saving storage solution! Easy to install, durable, and stylish, it keeps your walls neat and organized while adding a modern touch to your home or office.</p>', 400.00, NULL, 300.00, '[\"products\\/thumbnails\\/88e17a3f-c4c0-41e4-9d4e-71c382c5d385.webp\"]', '[\"products\\/thumbnails\\/0e4cd1b6-a998-4b19-b7e2-3474f0331323.webp\"]', 1, NULL, '2025-08-30 22:15:45', '2025-08-30 22:15:45'),
(343, 'POEDAGAR 615 Luxury Men Watches', 'poedagar-615-luxury-men-watches', 'POED-12825', 1, 2, 2, NULL, NULL, 1, '<p><span style=\"margin: 0px; padding: 0px; transition: 0.3s; font-weight: bolder; color: rgb(74, 74, 74); font-family: Play, sans-serif; text-align: justify; background-color: rgba(244, 244, 244, 0.5);\">Mechanical Watches:</span><span style=\"color: rgb(74, 74, 74); font-family: Play, sans-serif; text-align: justify; background-color: rgba(244, 244, 244, 0.5);\">&nbsp;These watches are powered by a mainspring that needs to be wound manually. The spring\'s energy is transferred through gears to a regulated escapement mechanism, which controls the release of energy. The mechanism responds to the gears to move the hands forward at a consistent pace.</span></p>', 800.00, NULL, 500.00, '[\"products\\/thumbnails\\/691d518a-bb17-4067-b5ce-a1eeeeb41b51.webp\"]', '[\"products\\/thumbnails\\/534e2df5-d564-4d2f-b1b7-1daa61b1e8a7.webp\"]', 1, NULL, '2025-08-30 22:24:52', '2025-08-30 22:24:52'),
(344, 'RUIWAYOOM New style Fashion Men\'s Watch Waterproof', 'ruiwayoom-new-style-fashion-mens-watch-waterproof', 'RUIW-33927', 1, 2, 2, NULL, NULL, 1, '<p>Mechanical Watches: These watches are powered by a mainspring that needs to be wound manually. The spring\'s energy is transferred through gears to a regulated escapement mechanism, which controls the release of energy. The mechanism responds to the gears to move the hands forward at a consistent pace</p>', 1500.00, NULL, 1000.00, '[\"products\\/thumbnails\\/ca7eca95-5b38-4b50-82e1-805da7e29a19.webp\"]', '[\"products\\/thumbnails\\/5422ab39-ce9e-44e1-bd57-de31af347502.webp\"]', 1, NULL, '2025-08-30 22:26:30', '2025-08-30 22:26:30'),
(345, 'Luxury Men\'s Watch 30m Waterproof', 'luxury-mens-watch-30m-waterproof', 'LUX-71253', 1, 2, 2, NULL, NULL, 1, '<p style=\"text-align: justify; \"><font color=\"#4a4a4a\" face=\"Play, sans-serif\"><span style=\"background-color: rgba(244, 244, 244, 0.5);\"><b>Mechanical Watches: These watches are powered by a mainspring that needs to be wound manually. The spring\'s energy is transferred through gears to a regulated escapement mechanism, which controls the release of energy. The mechanism responds to the gears to move the hands forward at a consistent pace.</b></span></font></p>', 1130.00, 1030.00, 900.00, '[\"products\\/thumbnails\\/e2096e18-396d-461b-b9b1-6579432dc338.webp\"]', '[\"products\\/thumbnails\\/8e99c5e3-ffbd-474e-a12c-cfa25cd687ff.webp\"]', 1, NULL, '2025-08-30 22:29:25', '2025-08-30 22:29:25'),
(346, 'Money Bag For Men', 'money-bag-for-men', 'MONE-08522', 1, 3, 30, NULL, NULL, 1, '<p><span style=\"color: rgb(74, 74, 74); font-family: Play, sans-serif; text-align: justify; background-color: rgba(244, 244, 244, 0.5);\">These watches use a quartz crystal oscillator, which vibrates at a very precise frequency when an electric current is applied. This vibration is used to regulate the timekeeping mechanism, resulting in highly accurate timekeeping.</span></p>', 200.00, NULL, 100.00, '[\"products\\/thumbnails\\/bd3fd674-45da-4dd1-81e5-633c6cbec9cf.webp\"]', '[\"products\\/thumbnails\\/64dc1774-f25c-44f7-bfc8-0cc83724a411.webp\"]', 1, NULL, '2025-08-30 22:32:52', '2025-08-30 22:32:52'),
(347, 'RFID Metal Credit Card Holder for Men or Women', 'rfid-metal-credit-card-holder-for-men-or-women', 'RFID-30329', 1, 3, 29, NULL, NULL, 1, '<h1 class=\"tE7R7 indIKd q23Yce fA1vYb cS4Vcb-pGL6qe-fwJd0c\" jsname=\"\" style=\"font-family: &quot;Google Sans&quot;, Arial, sans-serif; font-size: 18px; font-weight: 400; margin: 0px; padding: 0px; color: rgb(32, 33, 36); line-height: 24px; flex: 1 1 auto; overflow: hidden; text-decoration: none; text-overflow: ellipsis; display: -webkit-box; -webkit-box-orient: vertical; -webkit-line-clamp: 2; --uv-title-max-title-lines: 2; overflow-wrap: break-word;\">RFID Metal Credit Card Holder for Men or Women</h1>', 900.00, 850.00, 800.00, '[\"products\\/thumbnails\\/201a4228-2f93-45e0-87d2-9392da7cfa92.webp\"]', '[\"products\\/thumbnails\\/39df4c02-0a1a-48c6-822a-873c7aa05534.webp\"]', 1, NULL, '2025-08-30 22:36:26', '2025-08-30 22:36:26'),
(348, 'Elastic Belts Buckle-free Belts Invisible Waist Belt', 'elastic-belts-buckle-free-belts-invisible-waist-belt', 'ELAS-33174', 1, 3, 31, NULL, NULL, 1, '<h1 class=\"tE7R7 indIKd q23Yce fA1vYb cS4Vcb-pGL6qe-fwJd0c\" jsname=\"\" style=\"font-family: &quot;Google Sans&quot;, Arial, sans-serif; font-size: 18px; font-weight: 400; margin: 0px; padding: 0px; color: rgb(32, 33, 36); line-height: 24px; flex: 1 1 auto; overflow: hidden; text-decoration: none; text-overflow: ellipsis; display: -webkit-box; -webkit-box-orient: vertical; -webkit-line-clamp: 2; --uv-title-max-title-lines: 2; overflow-wrap: break-word;\">Elastic Belts Buckle-free Belts Invisible Waist Belt<span>&nbsp;</span></h1>', 500.00, NULL, 400.00, '[\"products\\/thumbnails\\/3473b6e1-4d24-42ff-857b-0ca078e71014.webp\"]', '[\"products\\/thumbnails\\/12772181-2399-4893-9c7c-1b95279cb463.webp\"]', 1, NULL, '2025-08-30 22:38:09', '2025-08-30 22:38:09'),
(349, 'SRM3000 Men\'s Manhattan Soft Toe Dress Shoe', 'srm3000-mens-manhattan-soft-toe-dress-shoe', 'SRM3-67083', 1, 3, 32, NULL, NULL, 1, '<h1 class=\"tE7R7 indIKd q23Yce fA1vYb cS4Vcb-pGL6qe-fwJd0c\" jsname=\"\" style=\"font-family: &quot;Google Sans&quot;, Arial, sans-serif; font-size: 18px; font-weight: 400; margin: 0px; padding: 0px; color: rgb(32, 33, 36); line-height: 24px; flex: 1 1 auto; overflow: hidden; text-decoration: none; text-overflow: ellipsis; display: -webkit-box; -webkit-box-orient: vertical; -webkit-line-clamp: 2; --uv-title-max-title-lines: 2; overflow-wrap: break-word;\">SRM3000 Men\'s Manhattan MaxTRAX Soft Toe Dress Shoe</h1>', 3000.00, NULL, 2000.00, '[\"products\\/thumbnails\\/78842a02-12d2-403a-b980-fdc0a8e1c549.webp\"]', '[\"products\\/thumbnails\\/0c366fa5-9784-4e0f-896c-95133c85b04c.webp\"]', 1, NULL, '2025-08-30 22:40:23', '2025-08-30 22:40:23'),
(350, 'Honor Choice ENC Wireless Headphone', 'honor-choice-enc-wireless-headphone', 'HONO-69777', 1, 4, 6, NULL, NULL, 1, '<h1 class=\"tE7R7 indIKd q23Yce fA1vYb cS4Vcb-pGL6qe-fwJd0c\" jsname=\"\" style=\"font-family: &quot;Google Sans&quot;, Arial, sans-serif; font-size: 18px; font-weight: 400; margin: 0px; padding: 0px; color: rgb(32, 33, 36); line-height: 24px; flex: 1 1 auto; overflow: hidden; text-decoration: none; text-overflow: ellipsis; display: -webkit-box; -webkit-box-orient: vertical; -webkit-line-clamp: 2; --uv-title-max-title-lines: 2; overflow-wrap: break-word;\">Honor Choice ENC Wireless Headphone</h1>', 3000.00, NULL, 2000.00, '[\"products\\/thumbnails\\/94f80d0e-7430-402e-ae52-d8d7ff3eee32.webp\"]', '[\"products\\/thumbnails\\/2a874266-e501-4489-bbfd-d56fe965da01.webp\"]', 1, NULL, '2025-08-30 22:42:05', '2025-08-30 22:42:05'),
(351, 'Men\'s Premium Blank T-Shirt', 'mens-premium-blank-t-shirt', 'MEN\'-75530', 1, 5, 25, NULL, 2, 1, '<h1 class=\"tE7R7 indIKd q23Yce fA1vYb cS4Vcb-pGL6qe-fwJd0c\" jsname=\"\" style=\"font-family: &quot;Google Sans&quot;, Arial, sans-serif; font-size: 18px; font-weight: 400; margin: 0px; padding: 0px; color: rgb(32, 33, 36); line-height: 24px; flex: 1 1 auto; overflow: hidden; text-decoration: none; text-overflow: ellipsis; display: -webkit-box; -webkit-box-orient: vertical; -webkit-line-clamp: 2; --uv-title-max-title-lines: 2; overflow-wrap: break-word;\">Men\'s Premium Blank T-Shirt</h1>', 350.00, NULL, 300.00, '[\"products\\/thumbnails\\/551e2955-bf13-4b72-88b2-70be39c0d839.webp\"]', '[\"products\\/thumbnails\\/045db72b-a05d-41a0-9af3-eef4785d1a93.webp\"]', 1, NULL, '2025-08-30 22:44:23', '2025-08-30 22:44:23'),
(352, 'Mens Drop Shoulder', 'mens-drop-shoulder', 'MEN-15213', 1, 5, 23, NULL, NULL, 1, '<h1 class=\"tE7R7 indIKd q23Yce fA1vYb cS4Vcb-pGL6qe-fwJd0c\" jsname=\"\" style=\"font-family: &quot;Google Sans&quot;, Arial, sans-serif; font-size: 18px; font-weight: 400; margin: 0px; padding: 0px; color: rgb(32, 33, 36); line-height: 24px; flex: 1 1 auto; overflow: hidden; text-decoration: none; text-overflow: ellipsis; display: -webkit-box; -webkit-box-orient: vertical; -webkit-line-clamp: 2; --uv-title-max-title-lines: 2; overflow-wrap: break-word;\">Unisex High quality 180 gsm Cotton solid Black and White T shirt for Man and women Preferble - Low Hassle and Maintanance&nbsp;</h1>', 450.00, NULL, 400.00, '[\"products\\/thumbnails\\/e8b19184-6074-4055-8f0e-1efee3482463.webp\"]', '[\"products\\/thumbnails\\/fc9113fd-0481-458a-8fa2-7c598461b622.webp\"]', 1, NULL, '2025-08-30 22:51:47', '2025-08-30 22:51:47'),
(353, 'Cotton Relaxed Fit Self Pattern T-Shirt for Mens', 'cotton-relaxed-fit-self-pattern-t-shirt-for-mens', 'COTT-06215', 1, 5, 25, NULL, NULL, 1, '<h1 class=\"tE7R7 indIKd q23Yce fA1vYb cS4Vcb-pGL6qe-fwJd0c\" jsname=\"\" style=\"font-family: &quot;Google Sans&quot;, Arial, sans-serif; font-size: 18px; font-weight: 400; margin: 0px; padding: 0px; color: rgb(32, 33, 36); line-height: 24px; flex: 1 1 auto; overflow: hidden; text-decoration: none; text-overflow: ellipsis; display: -webkit-box; -webkit-box-orient: vertical; -webkit-line-clamp: 2; --uv-title-max-title-lines: 2; overflow-wrap: break-word;\">Buy Stylie Olive Cotton Relaxed Fit Self Pattern T-Shirt for Mens&nbsp;</h1>', 400.00, 330.00, 200.00, '[\"products\\/thumbnails\\/d03919a1-f6ae-4fec-a1bb-8aa900e311a4.webp\"]', '[\"products\\/thumbnails\\/544ff593-0a92-43c8-a330-f997328822bc.webp\"]', 1, NULL, '2025-08-30 22:54:37', '2025-08-30 22:54:37');

-- --------------------------------------------------------

--
-- Table structure for table `product_variants`
--

CREATE TABLE `product_variants` (
  `id` bigint(20) UNSIGNED NOT NULL,
  `product_id` bigint(20) UNSIGNED NOT NULL,
  `color_id` bigint(20) UNSIGNED DEFAULT NULL,
  `main_image` varchar(255) DEFAULT NULL,
  `variant_image` varchar(255) DEFAULT NULL,
  `sizes` longtext CHARACTER SET utf8mb4 COLLATE utf8mb4_bin NOT NULL CHECK (json_valid(`sizes`)),
  `variant_sku` varchar(255) DEFAULT NULL,
  `additional_price` decimal(10,2) NOT NULL DEFAULT 0.00,
  `created_at` timestamp NULL DEFAULT NULL,
  `updated_at` timestamp NULL DEFAULT NULL
) ENGINE=InnoDB DEFAULT CHARSET=utf8mb4 COLLATE=utf8mb4_unicode_ci;

--
-- Dumping data for table `product_variants`
--

INSERT INTO `product_variants` (`id`, `product_id`, `color_id`, `main_image`, `variant_image`, `sizes`, `variant_sku`, `additional_price`, `created_at`, `updated_at`) VALUES
(387, 2, 1, 'products/variants/bee0f319-2709-4669-89e3-2b1c9d508f12.jpg', 'products/variants/bee0f319-2709-4669-89e3-2b1c9d508f12.jpg', '[{\"size_id\":\"1\",\"quantity\":\"200\"},{\"size_id\":\"2\",\"quantity\":\"200\"},{\"size_id\":\"3\",\"quantity\":\"200\"}]', 'PREM-24699-WHITE', 0.00, '2025-08-22 09:04:47', '2025-08-22 09:04:47'),
(388, 2, 6, 'products/variants/6e683f24-bd4a-43dd-ae41-94eb414ab3a4.jpg', 'products/variants/6e683f24-bd4a-43dd-ae41-94eb414ab3a4.jpg', '[{\"size_id\":\"1\",\"quantity\":\"66\"},{\"size_id\":\"2\",\"quantity\":\"66\"},{\"size_id\":\"3\",\"quantity\":\"66\"},{\"size_id\":\"4\",\"quantity\":\"66\"}]', 'PREM-24699-BLACK', 0.00, '2025-08-22 09:04:47', '2025-08-22 09:04:47'),
(389, 2, 4, 'products/variants/37641b30-ab8a-4691-8893-4293a3b6a830.jpg', 'products/variants/37641b30-ab8a-4691-8893-4293a3b6a830.jpg', '[{\"size_id\":\"1\",\"quantity\":\"34\"},{\"size_id\":\"2\",\"quantity\":\"34\"},{\"size_id\":\"3\",\"quantity\":\"34\"},{\"size_id\":\"4\",\"quantity\":\"34\"}]', 'PREM-24699-GREEN', 0.00, '2025-08-22 09:04:47', '2025-08-22 09:04:47'),
(390, 338, 15, 'products/variants/d750f67f-8e85-40f7-9235-6dad2748c207.webp', 'products/variants/c7c2dc55-016f-47c9-b2cd-9defda8e6a39.webp', '[{\"size_id\":\"7\",\"quantity\":\"90\"}]', 'WALL-12954-MIXED', 0.00, '2025-08-30 22:03:16', '2025-08-30 22:03:16'),
(391, 339, 15, 'products/variants/12b24ef8-2c6c-4e68-b277-3b8664a28506.webp', 'products/variants/29c47948-de3d-4dc1-a5f1-10d37f038864.webp', '[{\"size_id\":\"7\",\"quantity\":\"90\"}]', 'WALL-40195-MIXED', 0.00, '2025-08-30 22:08:56', '2025-08-30 22:08:56'),
(392, 340, 15, 'products/variants/fe68a549-9562-4373-a1cd-923d1c11aea6.webp', 'products/variants/679289b9-523f-4b68-a470-f0fee36850c2.webp', '[{\"size_id\":\"7\",\"quantity\":\"70\"}]', 'WALL-66655-MIXED', 0.00, '2025-08-30 22:11:19', '2025-08-30 22:11:19'),
(393, 341, 15, 'products/variants/ac68080b-e4e2-4e1d-bcff-4a8758c88281.webp', 'products/variants/d96a4b4f-d93f-46ac-a641-eedfdb4e2bf9.webp', '[{\"size_id\":\"7\",\"quantity\":\"90\"}]', 'WALL-87273-MIXED', 0.00, '2025-08-30 22:14:10', '2025-08-30 22:14:10'),
(394, 342, 15, 'products/variants/e2492255-9fdd-42e1-82d4-f8b2237b8f5f.webp', 'products/variants/44ce8609-e941-4496-9276-2f380911d9e5.webp', '[{\"size_id\":\"7\",\"quantity\":\"90\"}]', 'WALL-80275-MIXED', 0.00, '2025-08-30 22:15:45', '2025-08-30 22:15:45'),
(395, 343, 5, 'products/variants/38b9fa81-95b9-4481-ba82-234681c2eaa7.webp', 'products/variants/b3465a27-76b0-4796-a3c5-de14784c80b8.webp', '[{\"size_id\":\"7\",\"quantity\":\"90\"}]', 'POED-12825-GREY', 0.00, '2025-08-30 22:24:52', '2025-08-30 22:24:52'),
(396, 344, 5, 'products/variants/4753d756-c21b-45f0-bc91-98b24d212c66.webp', 'products/variants/cda6c5ed-2018-43b7-bb74-ff783325d46d.webp', '[{\"size_id\":\"7\",\"quantity\":\"90\"}]', 'RUIW-33927-GREY', 0.00, '2025-08-30 22:26:31', '2025-08-30 22:26:31'),
(397, 345, 5, 'products/variants/ea1bb726-b689-4fde-b1f0-6d86b726a477.webp', 'products/variants/0e92de16-8d98-49df-9bb5-035282932233.webp', '[{\"size_id\":\"7\",\"quantity\":\"90\"}]', 'LUX-71253-GREY', 0.00, '2025-08-30 22:29:25', '2025-08-30 22:29:25'),
(398, 346, 6, 'products/variants/c0bafdea-806f-41a0-beb4-fdac3667cefa.webp', 'products/variants/b4154a16-e783-46ac-a520-34f45dedf79d.webp', '[{\"size_id\":\"7\",\"quantity\":\"90\"}]', 'MONE-08522-BLACK', 0.00, '2025-08-30 22:32:53', '2025-08-30 22:32:53'),
(399, 348, 16, 'products/variants/c5093cd0-3879-426d-87f3-16286bf15915.webp', 'products/variants/bf35d512-1352-48f5-8035-a1f65bab8931.webp', '[{\"size_id\":\"7\",\"quantity\":\"90\"}]', 'ELAS-33174-LIGHTGREY', 0.00, '2025-08-30 22:38:10', '2025-08-30 22:38:10'),
(400, 349, 6, 'products/variants/b7b9e82e-d7cc-4081-899b-60d361017091.webp', 'products/variants/3a245127-d991-4a1e-bd51-327939727c31.webp', '[{\"size_id\":\"10\",\"quantity\":\"60\"},{\"size_id\":\"11\",\"quantity\":\"50\"},{\"size_id\":\"14\",\"quantity\":\"90\"}]', 'SRM3-67083-BLACK', 0.00, '2025-08-30 22:40:23', '2025-08-30 22:40:23'),
(401, 350, 6, 'products/variants/b611221e-1984-402e-ae77-65ea90c173e3.webp', 'products/variants/95a9a714-2325-4d70-9a3f-c82594b18e42.webp', '[{\"size_id\":\"7\",\"quantity\":\"90\"}]', 'HONO-69777-BLACK', 0.00, '2025-08-30 22:42:05', '2025-08-30 22:42:05'),
(402, 351, 6, 'products/variants/f4df37ab-b2b7-44d0-bf69-3f0cc4318bb4.webp', 'products/variants/fccaf503-b47a-412c-97fa-4c6069e44022.webp', '[{\"size_id\":\"1\",\"quantity\":\"50\"},{\"size_id\":\"2\",\"quantity\":\"50\"},{\"size_id\":\"3\",\"quantity\":\"50\"},{\"size_id\":\"4\",\"quantity\":\"50\"}]', 'MEN\'-75530-BLACK', 0.00, '2025-08-30 22:44:24', '2025-08-30 22:44:24'),
(403, 352, 6, 'products/variants/8a0cb153-2c14-46ea-a8fd-202c85cbd731.webp', 'products/variants/471d0afb-c532-4180-973d-effa27ef1e5e.webp', '[{\"size_id\":\"1\",\"quantity\":\"66\"},{\"size_id\":\"2\",\"quantity\":\"66\"},{\"size_id\":\"3\",\"quantity\":\"66\"},{\"size_id\":\"4\",\"quantity\":\"66\"},{\"size_id\":\"5\",\"quantity\":\"66\"}]', 'MEN-15213-BLACK', 0.00, '2025-08-30 22:51:47', '2025-08-30 22:51:47'),
(404, 353, 18, 'products/variants/c87411d5-f4b9-4c53-bb35-b914756b620b.webp', 'products/variants/473c2c32-443f-417f-8801-9f60385c9702.webp', '[{\"size_id\":\"1\",\"quantity\":\"33\"},{\"size_id\":\"2\",\"quantity\":\"33\"},{\"size_id\":\"3\",\"quantity\":\"33\"},{\"size_id\":\"4\",\"quantity\":\"33\"},{\"size_id\":\"5\",\"quantity\":\"33\"}]', 'COTT-06215-OLIVE', 0.00, '2025-08-30 22:54:37', '2025-08-30 22:54:37');

-- --------------------------------------------------------

--
-- Table structure for table `purchases`
--

CREATE TABLE `purchases` (
  `id` bigint(20) UNSIGNED NOT NULL,
  `supplier_id` bigint(20) UNSIGNED DEFAULT NULL,
  `purchase_no` varchar(255) NOT NULL,
  `purchase_date` date NOT NULL,
  `subtotal` decimal(10,2) NOT NULL,
  `discount` decimal(10,2) NOT NULL DEFAULT 0.00,
  `shipping_cost` decimal(10,2) NOT NULL DEFAULT 0.00,
  `total_amount` decimal(10,2) NOT NULL,
  `paid_amount` decimal(10,2) NOT NULL DEFAULT 0.00,
  `due_amount` decimal(10,2) NOT NULL DEFAULT 0.00,
  `payment_status` varchar(255) NOT NULL DEFAULT 'pending',
  `notes` text DEFAULT NULL,
  `created_by` bigint(20) UNSIGNED DEFAULT NULL,
  `created_at` timestamp NULL DEFAULT NULL,
  `updated_at` timestamp NULL DEFAULT NULL
) ENGINE=InnoDB DEFAULT CHARSET=utf8mb4 COLLATE=utf8mb4_unicode_ci;

-- --------------------------------------------------------

--
-- Table structure for table `purchase_details`
--

CREATE TABLE `purchase_details` (
  `id` bigint(20) UNSIGNED NOT NULL,
  `purchase_id` bigint(20) UNSIGNED NOT NULL,
  `product_id` bigint(20) UNSIGNED NOT NULL,
  `product_variant_id` bigint(20) UNSIGNED NOT NULL,
  `size_id` bigint(20) UNSIGNED NOT NULL,
  `quantity` int(11) NOT NULL,
  `unit_cost` decimal(10,2) NOT NULL,
  `total_cost` decimal(10,2) NOT NULL,
  `created_at` timestamp NULL DEFAULT NULL,
  `updated_at` timestamp NULL DEFAULT NULL
) ENGINE=InnoDB DEFAULT CHARSET=utf8mb4 COLLATE=utf8mb4_unicode_ci;

-- --------------------------------------------------------

--
-- Table structure for table `reviews`
--

CREATE TABLE `reviews` (
  `id` bigint(20) UNSIGNED NOT NULL,
  `product_id` bigint(20) UNSIGNED NOT NULL,
  `customer_id` bigint(20) UNSIGNED DEFAULT NULL,
  `rating` int(11) NOT NULL DEFAULT 0,
  `comment` text DEFAULT NULL,
  `published` tinyint(1) NOT NULL DEFAULT 0,
  `created_at` timestamp NULL DEFAULT NULL,
  `updated_at` timestamp NULL DEFAULT NULL
) ENGINE=InnoDB DEFAULT CHARSET=utf8mb4 COLLATE=utf8mb4_unicode_ci;

-- --------------------------------------------------------

--
-- Table structure for table `reward_points`
--

CREATE TABLE `reward_points` (
  `id` bigint(20) UNSIGNED NOT NULL,
  `customer_id` bigint(20) UNSIGNED NOT NULL,
  `order_id` bigint(20) UNSIGNED DEFAULT NULL,
  `points` int(11) NOT NULL,
  `type` enum('earned','redeemed','refunded','expired') NOT NULL,
  `meta` varchar(255) DEFAULT NULL,
  `created_at` timestamp NULL DEFAULT NULL,
  `updated_at` timestamp NULL DEFAULT NULL
) ENGINE=InnoDB DEFAULT CHARSET=utf8mb4 COLLATE=utf8mb4_unicode_ci;

-- --------------------------------------------------------

--
-- Table structure for table `reward_point_settings`
--

CREATE TABLE `reward_point_settings` (
  `id` bigint(20) UNSIGNED NOT NULL,
  `is_enabled` tinyint(1) NOT NULL DEFAULT 1,
  `earn_points_per_unit` int(11) NOT NULL COMMENT 'e.g., 1 point',
  `earn_per_unit_amount` decimal(10,2) NOT NULL COMMENT 'e.g., for every $100 spent',
  `redeem_points_per_unit` int(11) NOT NULL COMMENT 'e.g., 100 points',
  `redeem_per_unit_amount` decimal(10,2) NOT NULL COMMENT 'e.g., equals $1 discount',
  `created_at` timestamp NULL DEFAULT NULL,
  `updated_at` timestamp NULL DEFAULT NULL
) ENGINE=InnoDB DEFAULT CHARSET=utf8mb4 COLLATE=utf8mb4_unicode_ci;

--
-- Dumping data for table `reward_point_settings`
--

INSERT INTO `reward_point_settings` (`id`, `is_enabled`, `earn_points_per_unit`, `earn_per_unit_amount`, `redeem_points_per_unit`, `redeem_per_unit_amount`, `created_at`, `updated_at`) VALUES
(1, 1, 1, 100.00, 100, 1.00, '2025-08-17 10:59:57', '2025-08-17 10:59:57');

-- --------------------------------------------------------

--
-- Table structure for table `roles`
--

CREATE TABLE `roles` (
  `id` bigint(20) UNSIGNED NOT NULL,
  `name` varchar(255) NOT NULL,
  `guard_name` varchar(255) NOT NULL,
  `created_at` timestamp NULL DEFAULT NULL,
  `updated_at` timestamp NULL DEFAULT NULL
) ENGINE=InnoDB DEFAULT CHARSET=utf8mb4 COLLATE=utf8mb4_unicode_ci;

--
-- Dumping data for table `roles`
--

INSERT INTO `roles` (`id`, `name`, `guard_name`, `created_at`, `updated_at`) VALUES
(1, 'Admin', 'web', '2025-05-06 02:08:26', '2025-05-06 02:08:26');

-- --------------------------------------------------------

--
-- Table structure for table `role_has_permissions`
--

CREATE TABLE `role_has_permissions` (
  `permission_id` bigint(20) UNSIGNED NOT NULL,
  `role_id` bigint(20) UNSIGNED NOT NULL
) ENGINE=InnoDB DEFAULT CHARSET=utf8mb4 COLLATE=utf8mb4_unicode_ci;

--
-- Dumping data for table `role_has_permissions`
--

INSERT INTO `role_has_permissions` (`permission_id`, `role_id`) VALUES
(1, 1),
(2, 1),
(3, 1),
(4, 1),
(5, 1),
(6, 1),
(7, 1),
(8, 1),
(9, 1),
(10, 1),
(11, 1),
(12, 1),
(13, 1),
(14, 1),
(15, 1),
(16, 1),
(17, 1),
(18, 1),
(19, 1),
(20, 1),
(21, 1),
(22, 1),
(23, 1),
(24, 1),
(25, 1),
(26, 1),
(27, 1),
(30, 1),
(31, 1),
(32, 1),
(33, 1),
(42, 1),
(43, 1),
(44, 1),
(45, 1),
(48, 1),
(49, 1),
(50, 1),
(51, 1),
(53, 1),
(54, 1),
(55, 1),
(56, 1),
(57, 1),
(58, 1),
(59, 1),
(60, 1),
(61, 1),
(62, 1),
(63, 1),
(64, 1),
(65, 1),
(66, 1),
(67, 1),
(68, 1),
(69, 1),
(70, 1),
(71, 1),
(72, 1),
(73, 1),
(74, 1),
(75, 1),
(76, 1),
(81, 1),
(82, 1),
(83, 1),
(84, 1),
(85, 1),
(86, 1),
(87, 1),
(88, 1),
(89, 1),
(90, 1),
(91, 1),
(92, 1),
(93, 1),
(94, 1),
(95, 1),
(96, 1),
(97, 1),
(98, 1),
(99, 1),
(100, 1),
(101, 1),
(102, 1),
(103, 1),
(104, 1),
(106, 1),
(107, 1),
(108, 1),
(109, 1),
(110, 1),
(111, 1),
(112, 1),
(113, 1),
(114, 1),
(115, 1),
(116, 1),
(117, 1),
(118, 1),
(119, 1),
(120, 1),
(121, 1),
(122, 1),
(123, 1),
(124, 1),
(125, 1),
(126, 1),
(127, 1),
(128, 1),
(129, 1),
(130, 1),
(131, 1),
(132, 1),
(133, 1),
(134, 1),
(135, 1),
(136, 1),
(137, 1),
(138, 1),
(139, 1),
(140, 1),
(141, 1),
(142, 1),
(143, 1),
(144, 1),
(145, 1),
(146, 1),
(147, 1),
(148, 1),
(149, 1),
(150, 1),
(151, 1),
(152, 1),
(153, 1),
(154, 1),
(155, 1),
(156, 1),
(157, 1),
(158, 1),
(159, 1),
(160, 1),
(161, 1),
(162, 1),
(163, 1),
(164, 1),
(165, 1),
(166, 1),
(167, 1),
(168, 1),
(169, 1),
(170, 1),
(171, 1),
(172, 1),
(173, 1),
(174, 1),
(176, 1),
(177, 1),
(178, 1),
(179, 1),
(180, 1),
(181, 1),
(182, 1),
(183, 1),
(188, 1),
(189, 1),
(190, 1),
(191, 1);

-- --------------------------------------------------------

--
-- Table structure for table `services`
--

CREATE TABLE `services` (
  `id` bigint(20) UNSIGNED NOT NULL,
  `title` varchar(255) DEFAULT NULL,
  `slug` text DEFAULT NULL,
  `des` text DEFAULT NULL,
  `image` text NOT NULL,
  `status` varchar(255) NOT NULL,
  `price` varchar(255) DEFAULT NULL,
  `created_at` timestamp NULL DEFAULT NULL,
  `updated_at` timestamp NULL DEFAULT NULL
) ENGINE=InnoDB DEFAULT CHARSET=utf8mb4 COLLATE=utf8mb4_unicode_ci;

-- --------------------------------------------------------

--
-- Table structure for table `sessions`
--

CREATE TABLE `sessions` (
  `id` varchar(255) NOT NULL,
  `user_id` bigint(20) UNSIGNED DEFAULT NULL,
  `ip_address` varchar(45) DEFAULT NULL,
  `user_agent` text DEFAULT NULL,
  `payload` longtext NOT NULL,
  `last_activity` int(11) NOT NULL
) ENGINE=InnoDB DEFAULT CHARSET=utf8mb4 COLLATE=utf8mb4_unicode_ci;

--
-- Dumping data for table `sessions`
--

INSERT INTO `sessions` (`id`, `user_id`, `ip_address`, `user_agent`, `payload`, `last_activity`) VALUES
('JncOcnYqXy1ixkrIfHQssZnoWLF7n4ShazdXI9BI', NULL, '::1', 'Mozilla/5.0 (Windows NT 10.0; Win64; x64) AppleWebKit/537.36 (KHTML, like Gecko) Chrome/139.0.0.0 Safari/537.36', 'YTo0OntzOjY6Il90b2tlbiI7czo0MDoiSWdTa1lTd2dBUm1wZ1pabWpRdEtCZmh6UXM3aEpjT3BsWWJ1TjlSNyI7czo5OiJfcHJldmlvdXMiO2E6MTp7czozOiJ1cmwiO3M6NDQ6Imh0dHA6Ly9sb2NhbGhvc3QvZnJlZWxhbmNlRnJvbnQvY2FydC9jb250ZW50Ijt9czo2OiJfZmxhc2giO2E6Mjp7czozOiJvbGQiO2E6MDp7fXM6MzoibmV3IjthOjA6e319czo0OiJjYXJ0IjthOjI6e3M6OToiMzUxLTQwMi0xIjthOjEwOntzOjEwOiJwcm9kdWN0X2lkIjtpOjM1MTtzOjQ6Im5hbWUiO3M6Mjc6Ik1lbidzIFByZW1pdW0gQmxhbmsgVC1TaGlydCI7czo1OiJpbWFnZSI7czo2MToicHJvZHVjdHMvdGh1bWJuYWlscy81NTFlMjk1NS1iZjEzLTRiNzItODhiMi03MGJlMzljMGQ4Mzkud2VicCI7czo4OiJxdWFudGl0eSI7aToyO3M6NToicHJpY2UiO3M6NjoiMzUwLjAwIjtzOjEwOiJ2YXJpYW50X2lkIjtzOjM6IjQwMiI7czo4OiJjb2xvcl9pZCI7czoxOiI2IjtzOjEwOiJjb2xvcl9uYW1lIjtzOjU6IkJsYWNrIjtzOjc6InNpemVfaWQiO3M6MToiMSI7czo5OiJzaXplX25hbWUiO3M6MToiUyI7fXM6NjoiMzUxLS0yIjthOjEwOntzOjEwOiJwcm9kdWN0X2lkIjtpOjM1MTtzOjQ6Im5hbWUiO3M6Mjc6Ik1lbidzIFByZW1pdW0gQmxhbmsgVC1TaGlydCI7czo1OiJpbWFnZSI7czo2MToicHJvZHVjdHMvdGh1bWJuYWlscy81NTFlMjk1NS1iZjEzLTRiNzItODhiMi03MGJlMzljMGQ4Mzkud2VicCI7czo4OiJxdWFudGl0eSI7aTozO3M6NToicHJpY2UiO3M6NjoiMzUwLjAwIjtzOjEwOiJ2YXJpYW50X2lkIjtOO3M6ODoiY29sb3JfaWQiO3M6MToiNiI7czoxMDoiY29sb3JfbmFtZSI7czo1OiJCbGFjayI7czo3OiJzaXplX2lkIjtzOjE6IjIiO3M6OToic2l6ZV9uYW1lIjtzOjE6Ik0iO319fQ==', 1756683182);

-- --------------------------------------------------------

--
-- Table structure for table `settings`
--

CREATE TABLE `settings` (
  `id` bigint(20) UNSIGNED NOT NULL,
  `key` varchar(255) NOT NULL,
  `value` text DEFAULT NULL,
  `created_at` timestamp NULL DEFAULT NULL,
  `updated_at` timestamp NULL DEFAULT NULL
) ENGINE=InnoDB DEFAULT CHARSET=utf8mb4 COLLATE=utf8mb4_unicode_ci;

--
-- Dumping data for table `settings`
--

INSERT INTO `settings` (`id`, `key`, `value`, `created_at`, `updated_at`) VALUES
(1, 'header_color', '#2e433f', '2025-08-12 05:02:07', '2025-08-12 05:02:07'),
(2, 'menu_limit', '5', '2025-08-12 05:02:07', '2025-08-12 05:02:07');

-- --------------------------------------------------------

--
-- Table structure for table `sidebar_menus`
--

CREATE TABLE `sidebar_menus` (
  `id` bigint(20) UNSIGNED NOT NULL,
  `name` varchar(255) NOT NULL,
  `route` varchar(255) DEFAULT NULL,
  `order` int(11) NOT NULL DEFAULT 0,
  `is_visible` tinyint(1) NOT NULL DEFAULT 1,
  `created_at` timestamp NULL DEFAULT NULL,
  `updated_at` timestamp NULL DEFAULT NULL
) ENGINE=InnoDB DEFAULT CHARSET=utf8mb4 COLLATE=utf8mb4_unicode_ci;

--
-- Dumping data for table `sidebar_menus`
--

INSERT INTO `sidebar_menus` (`id`, `name`, `route`, `order`, `is_visible`, `created_at`, `updated_at`) VALUES
(1, 'Shirt Collection', '/category/shirt-collection', 0, 1, '2025-08-12 19:02:26', '2025-08-12 19:03:29'),
(2, 'Bottom Wear', '/category/bottom-wear', 2, 0, '2025-08-12 19:02:27', '2025-08-12 19:03:31'),
(3, 'Winter Collection', '/category/winter-collection', 3, 0, '2025-08-12 19:02:28', '2025-08-12 19:03:31'),
(4, 'Denim Collection', '/category/denim-collection', 4, 1, '2025-08-12 19:02:29', '2025-08-12 19:03:31'),
(5, 'T-Shirt Collection', '/category/t-shirt-collection', 1, 1, '2025-08-12 19:02:29', '2025-08-12 19:03:30'),
(6, 'Jersey Collection', '/category/jersey-collection', 5, 1, '2025-08-12 19:02:29', '2025-08-12 19:03:31'),
(7, 'Kids Collection', '/category/kids-collection', 6, 0, '2025-08-12 19:02:29', '2025-08-12 19:03:32'),
(8, 'Panjabi Collection', '/category/panjabi-collection', 7, 0, '2025-08-12 19:02:30', '2025-08-12 19:03:32'),
(9, 'Women Collection', '/category/women-collection', 8, 0, '2025-08-12 19:02:30', '2025-08-12 19:03:32'),
(10, 'Shoes Collection', '/category/shoes-collection', 9, 0, '2025-08-12 19:02:30', '2025-08-12 19:03:32'),
(11, 'Jewelry & Accessories', '/category/jewelry-accessories', 10, 0, '2025-08-12 19:02:31', '2025-08-12 19:03:33'),
(12, 'Cosplay Products', '/category/cosplay-products', 11, 1, '2025-08-12 19:02:31', '2025-08-12 19:03:33'),
(13, 'Others', '/category/others', 12, 0, '2025-08-12 19:02:31', '2025-08-12 19:03:33');

-- --------------------------------------------------------

--
-- Table structure for table `sizes`
--

CREATE TABLE `sizes` (
  `id` bigint(20) UNSIGNED NOT NULL,
  `name` varchar(255) NOT NULL,
  `code` varchar(255) DEFAULT NULL,
  `size_type` varchar(255) DEFAULT NULL,
  `status` tinyint(1) NOT NULL DEFAULT 1,
  `created_at` timestamp NULL DEFAULT NULL,
  `updated_at` timestamp NULL DEFAULT NULL
) ENGINE=InnoDB DEFAULT CHARSET=utf8mb4 COLLATE=utf8mb4_unicode_ci;

--
-- Dumping data for table `sizes`
--

INSERT INTO `sizes` (`id`, `name`, `code`, `size_type`, `status`, `created_at`, `updated_at`) VALUES
(1, 'S', 'S', 'INT', 1, '2025-08-09 09:39:01', '2025-08-09 09:39:01'),
(2, 'M', 'M', 'INT', 1, '2025-08-09 09:39:23', '2025-08-09 09:39:23'),
(3, 'L', 'L', 'INT', 1, '2025-08-09 09:39:39', '2025-08-09 09:39:39'),
(4, 'XL', 'XL', 'INT', 1, '2025-08-09 09:39:55', '2025-08-09 09:39:55'),
(5, 'XXL', 'XXL', 'INT', 1, '2025-08-09 09:40:16', '2025-08-09 09:40:16'),
(6, '3XL', '3XL', 'INT', 1, '2025-08-09 09:40:48', '2025-08-09 09:40:48'),
(7, 'Free Size', 'FreeSize', 'INT', 1, '2025-08-09 09:41:24', '2025-08-09 09:41:24'),
(8, '27', '27', 'INT', 1, '2025-08-09 09:41:44', '2025-08-09 09:41:44'),
(9, '28', '28', 'INT', 1, '2025-08-09 09:42:01', '2025-08-09 09:42:01'),
(10, '29', '29', 'INT', 1, '2025-08-09 09:42:19', '2025-08-09 09:42:19'),
(11, '30', '30', 'INT', 1, '2025-08-09 09:42:36', '2025-08-09 09:42:36'),
(12, '31', '31', 'INT', 1, '2025-08-09 09:42:54', '2025-08-09 09:42:54'),
(13, '32', '32', 'INT', 1, '2025-08-09 09:43:06', '2025-08-09 09:43:06'),
(14, '33', '33', 'INT', 1, '2025-08-09 09:43:20', '2025-08-09 09:43:20'),
(15, '34', '34', 'INT', 1, '2025-08-09 09:43:32', '2025-08-09 09:43:32');

-- --------------------------------------------------------

--
-- Table structure for table `size_charts`
--

CREATE TABLE `size_charts` (
  `id` bigint(20) UNSIGNED NOT NULL,
  `name` varchar(255) NOT NULL,
  `status` tinyint(1) NOT NULL DEFAULT 1,
  `created_at` timestamp NULL DEFAULT NULL,
  `updated_at` timestamp NULL DEFAULT NULL
) ENGINE=InnoDB DEFAULT CHARSET=utf8mb4 COLLATE=utf8mb4_unicode_ci;

--
-- Dumping data for table `size_charts`
--

INSERT INTO `size_charts` (`id`, `name`, `status`, `created_at`, `updated_at`) VALUES
(2, 'Half Sleeve T-Shirt', 1, '2025-08-09 10:50:02', '2025-08-09 10:50:02'),
(3, 'Full Sleeve', 1, '2025-08-09 10:52:40', '2025-08-09 10:52:40'),
(4, 'Drop Shoulder Half Sleeve T-Shirt', 1, '2025-08-09 10:54:46', '2025-08-09 10:54:46'),
(5, 'Half - T-SHIRT / Jersey / Raglan', 1, '2025-08-09 10:56:00', '2025-08-09 10:56:00'),
(6, 'Cosplay Size Chart', 1, '2025-08-09 10:57:49', '2025-08-09 10:57:49'),
(7, 'Punjabi Size Chart', 1, '2025-08-09 10:59:55', '2025-08-09 10:59:55');

-- --------------------------------------------------------

--
-- Table structure for table `size_chart_entries`
--

CREATE TABLE `size_chart_entries` (
  `id` bigint(20) UNSIGNED NOT NULL,
  `size_chart_id` bigint(20) UNSIGNED NOT NULL,
  `size` varchar(255) NOT NULL,
  `length` varchar(255) DEFAULT NULL,
  `width` varchar(255) DEFAULT NULL,
  `shoulder` varchar(255) DEFAULT NULL,
  `sleeve` varchar(255) DEFAULT NULL,
  `created_at` timestamp NULL DEFAULT NULL,
  `updated_at` timestamp NULL DEFAULT NULL
) ENGINE=InnoDB DEFAULT CHARSET=utf8mb4 COLLATE=utf8mb4_unicode_ci;

--
-- Dumping data for table `size_chart_entries`
--

INSERT INTO `size_chart_entries` (`id`, `size_chart_id`, `size`, `length`, `width`, `shoulder`, `sleeve`, `created_at`, `updated_at`) VALUES
(8, 2, 'S', '28', '38', '17', '8', '2025-08-09 10:50:02', '2025-08-09 10:50:02'),
(9, 2, 'M', '28', '40', '18', '8.5', '2025-08-09 10:50:02', '2025-08-09 10:50:02'),
(10, 2, 'L', '29', '42', '19', '9', '2025-08-09 10:50:02', '2025-08-09 10:50:02'),
(11, 2, 'XL', '30', '44', '20', '9.5', '2025-08-09 10:50:02', '2025-08-09 10:50:02'),
(12, 2, 'XXL', '31', '46', '21', '10', '2025-08-09 10:50:02', '2025-08-09 10:50:02'),
(13, 2, '3XL', '32', '48', '22', '10.5', '2025-08-09 10:50:02', '2025-08-09 10:50:02'),
(14, 3, 'S', '28', '38', '17', '23.5', '2025-08-09 10:52:40', '2025-08-09 10:52:40'),
(15, 3, 'M', '28', '40', '18', '24.5', '2025-08-09 10:52:41', '2025-08-09 10:52:41'),
(16, 3, 'L', '29', '42', '19', '25.5', '2025-08-09 10:52:41', '2025-08-09 10:52:41'),
(17, 3, 'XL', '30', '44', '20', '26', '2025-08-09 10:52:41', '2025-08-09 10:52:41'),
(18, 3, 'XXL', '31', '46', '21', '26.5', '2025-08-09 10:52:41', '2025-08-09 10:52:41'),
(19, 4, 'S', '27', '38', '20', '9', '2025-08-09 10:54:46', '2025-08-09 10:54:46'),
(20, 4, 'M', '28', '40', '21', '10', '2025-08-09 10:54:46', '2025-08-09 10:54:46'),
(21, 4, 'L', '29', '42', '22', '10', '2025-08-09 10:54:46', '2025-08-09 10:54:46'),
(22, 4, 'XL', '30', '44', '23', '11', '2025-08-09 10:54:46', '2025-08-09 10:54:46'),
(23, 4, 'XXL', '31', '46', '24', '11', '2025-08-09 10:54:46', '2025-08-09 10:54:46'),
(24, 5, 'S', '27', '38', NULL, NULL, '2025-08-09 10:56:00', '2025-08-09 10:56:00'),
(25, 5, 'M', '28', '40', NULL, NULL, '2025-08-09 10:56:00', '2025-08-09 10:56:00'),
(26, 5, 'L', '29', '42', NULL, NULL, '2025-08-09 10:56:00', '2025-08-09 10:56:00'),
(27, 5, 'XL', '30', '44', NULL, NULL, '2025-08-09 10:56:00', '2025-08-09 10:56:00'),
(28, 5, 'XXL', '31', '46', NULL, NULL, '2025-08-09 10:56:00', '2025-08-09 10:56:00'),
(29, 6, 'S', '0', '0', '0', '0', '2025-08-09 10:57:49', '2025-08-09 10:57:49'),
(30, 6, 'M', '0', '0', '0', '0', '2025-08-09 10:57:49', '2025-08-09 10:57:49'),
(31, 6, 'L', '0', '0', '0', '0', '2025-08-09 10:57:49', '2025-08-09 10:57:49'),
(32, 6, 'XL', '0', '0', '0', '0', '2025-08-09 10:57:49', '2025-08-09 10:57:49'),
(33, 6, 'XXL', '0', '0', '0', '0', '2025-08-09 10:57:49', '2025-08-09 10:57:49'),
(34, 7, 'S', '40', '38', '17', '23.5', '2025-08-09 10:59:55', '2025-08-09 10:59:55'),
(35, 7, 'M', '42', '40', '18', '24.5', '2025-08-09 10:59:55', '2025-08-09 10:59:55'),
(36, 7, 'L', '44', '42', '19', '25.5', '2025-08-09 10:59:56', '2025-08-09 10:59:56'),
(37, 7, 'XL', '46', '44', '20', '26', '2025-08-09 10:59:56', '2025-08-09 10:59:56'),
(38, 7, 'XXL', '48', '46', '21', '26.5', '2025-08-09 10:59:56', '2025-08-09 10:59:56');

-- --------------------------------------------------------

--
-- Table structure for table `sliders`
--

CREATE TABLE `sliders` (
  `id` bigint(20) UNSIGNED NOT NULL,
  `image` text NOT NULL,
  `status` varchar(255) NOT NULL,
  `created_at` timestamp NULL DEFAULT NULL,
  `updated_at` timestamp NULL DEFAULT NULL
) ENGINE=InnoDB DEFAULT CHARSET=utf8mb4 COLLATE=utf8mb4_unicode_ci;

-- --------------------------------------------------------

--
-- Table structure for table `slider_controls`
--

CREATE TABLE `slider_controls` (
  `id` bigint(20) UNSIGNED NOT NULL,
  `section_key` varchar(255) NOT NULL COMMENT 'e.g., main_slider, top_banner, bottom_banners',
  `title` varchar(255) NOT NULL,
  `product_ids` longtext CHARACTER SET utf8mb4 COLLATE utf8mb4_bin DEFAULT NULL CHECK (json_valid(`product_ids`)),
  `is_visible` tinyint(1) NOT NULL DEFAULT 1,
  `created_at` timestamp NULL DEFAULT NULL,
  `updated_at` timestamp NULL DEFAULT NULL
) ENGINE=InnoDB DEFAULT CHARSET=utf8mb4 COLLATE=utf8mb4_unicode_ci;

--
-- Dumping data for table `slider_controls`
--

INSERT INTO `slider_controls` (`id`, `section_key`, `title`, `product_ids`, `is_visible`, `created_at`, `updated_at`) VALUES
(1, 'main_slider', 'Main Slider (2 Products)', '[\"6\",\"45\"]', 1, '2025-08-13 03:34:10', '2025-08-13 03:58:17'),
(2, 'top_banner', 'Top Banner (1 Product)', '[\"300\"]', 1, '2025-08-13 03:34:10', '2025-08-13 03:58:17'),
(3, 'bottom_banners', 'Bottom Banners (2 Products)', '[\"14\",\"129\"]', 1, '2025-08-13 03:34:10', '2025-08-13 03:58:17');

-- --------------------------------------------------------

--
-- Table structure for table `social_links`
--

CREATE TABLE `social_links` (
  `id` bigint(20) UNSIGNED NOT NULL,
  `title` varchar(255) NOT NULL,
  `link` varchar(255) NOT NULL,
  `created_at` timestamp NULL DEFAULT NULL,
  `updated_at` timestamp NULL DEFAULT NULL
) ENGINE=InnoDB DEFAULT CHARSET=utf8mb4 COLLATE=utf8mb4_unicode_ci;

--
-- Dumping data for table `social_links`
--

INSERT INTO `social_links` (`id`, `title`, `link`, `created_at`, `updated_at`) VALUES
(1, 'Facebook', 'https://www.youtube.com/', '2025-08-30 22:56:33', '2025-08-30 22:56:33');

-- --------------------------------------------------------

--
-- Table structure for table `stock_histories`
--

CREATE TABLE `stock_histories` (
  `id` bigint(20) UNSIGNED NOT NULL,
  `product_id` bigint(20) UNSIGNED NOT NULL,
  `product_variant_id` bigint(20) UNSIGNED NOT NULL,
  `size_id` bigint(20) UNSIGNED NOT NULL,
  `previous_quantity` int(11) NOT NULL,
  `new_quantity` int(11) NOT NULL,
  `quantity_change` int(11) NOT NULL,
  `type` varchar(255) NOT NULL DEFAULT 'manual_update',
  `notes` text DEFAULT NULL,
  `user_id` bigint(20) UNSIGNED DEFAULT NULL,
  `created_at` timestamp NULL DEFAULT NULL,
  `updated_at` timestamp NULL DEFAULT NULL
) ENGINE=InnoDB DEFAULT CHARSET=utf8mb4 COLLATE=utf8mb4_unicode_ci;

-- --------------------------------------------------------

--
-- Table structure for table `subcategories`
--

CREATE TABLE `subcategories` (
  `id` bigint(20) UNSIGNED NOT NULL,
  `category_id` bigint(20) UNSIGNED NOT NULL,
  `name` varchar(255) NOT NULL,
  `slug` varchar(255) NOT NULL,
  `status` tinyint(1) NOT NULL DEFAULT 1,
  `created_at` timestamp NULL DEFAULT NULL,
  `updated_at` timestamp NULL DEFAULT NULL
) ENGINE=InnoDB DEFAULT CHARSET=utf8mb4 COLLATE=utf8mb4_unicode_ci;

--
-- Dumping data for table `subcategories`
--

INSERT INTO `subcategories` (`id`, `category_id`, `name`, `slug`, `status`, `created_at`, `updated_at`) VALUES
(2, 2, 'Digital Watch', 'digital-watch', 1, '2025-08-09 09:07:25', '2025-08-30 21:51:53'),
(6, 4, 'Head Phone', 'head-phone', 1, '2025-08-09 09:09:03', '2025-08-30 21:49:36'),
(21, 1, 'Picture Frame', 'picture-frame', 1, '2025-08-09 09:14:01', '2025-08-30 21:51:27'),
(23, 5, 'Drop Shoulder T-Shirt', 'drop-shoulder-t-shirt', 1, '2025-08-09 09:15:30', '2025-08-09 09:15:30'),
(24, 5, 'Full Sleeve T-Shirt', 'full-sleeve-t-shirt', 1, '2025-08-09 09:15:56', '2025-08-09 09:15:56'),
(25, 5, 'Half Sleeve T-Shirt', 'half-sleeve-t-shirt', 1, '2025-08-09 09:16:12', '2025-08-09 09:16:12'),
(26, 5, 'Polo T-Shirt', 'polo-t-shirt', 1, '2025-08-09 09:16:29', '2025-08-09 09:16:29'),
(27, 5, 'Raglan Full Sleeve T-Shirt', 'raglan-full-sleeve-t-shirt', 1, '2025-08-09 09:16:43', '2025-08-09 09:16:43'),
(28, 5, 'Raglan Half Sleeve T-Shirt', 'raglan-half-sleeve-t-shirt', 1, '2025-08-09 09:16:59', '2025-08-09 09:16:59'),
(29, 3, 'Card Holder', 'card-holder', 1, '2025-08-09 09:17:14', '2025-08-30 21:48:39'),
(30, 3, 'Money Bag', 'money-bag', 1, '2025-08-09 09:17:34', '2025-08-30 21:48:07'),
(31, 3, 'Belt', 'belt', 1, '2025-08-09 09:18:18', '2025-08-30 21:47:52'),
(32, 3, 'Shoe', 'shoe', 1, '2025-08-09 09:18:35', '2025-08-30 21:47:40');

-- --------------------------------------------------------

--
-- Table structure for table `sub_subcategories`
--

CREATE TABLE `sub_subcategories` (
  `id` bigint(20) UNSIGNED NOT NULL,
  `subcategory_id` bigint(20) UNSIGNED NOT NULL,
  `name` varchar(255) NOT NULL,
  `slug` varchar(255) NOT NULL,
  `status` tinyint(1) NOT NULL DEFAULT 1,
  `created_at` timestamp NULL DEFAULT NULL,
  `updated_at` timestamp NULL DEFAULT NULL
) ENGINE=InnoDB DEFAULT CHARSET=utf8mb4 COLLATE=utf8mb4_unicode_ci;

-- --------------------------------------------------------

--
-- Table structure for table `suppliers`
--

CREATE TABLE `suppliers` (
  `id` bigint(20) UNSIGNED NOT NULL,
  `company_name` varchar(255) NOT NULL,
  `contact_person` varchar(255) NOT NULL,
  `email` varchar(255) DEFAULT NULL,
  `phone` varchar(255) NOT NULL,
  `address` text DEFAULT NULL,
  `vat_number` varchar(255) DEFAULT NULL,
  `status` tinyint(1) NOT NULL DEFAULT 1,
  `created_at` timestamp NULL DEFAULT NULL,
  `updated_at` timestamp NULL DEFAULT NULL
) ENGINE=InnoDB DEFAULT CHARSET=utf8mb4 COLLATE=utf8mb4_unicode_ci;

-- --------------------------------------------------------

--
-- Table structure for table `support_page_categories`
--

CREATE TABLE `support_page_categories` (
  `id` bigint(20) UNSIGNED NOT NULL,
  `name` varchar(255) NOT NULL,
  `icon` varchar(255) DEFAULT NULL,
  `description` text DEFAULT NULL,
  `status` tinyint(1) NOT NULL DEFAULT 1,
  `created_at` timestamp NULL DEFAULT NULL,
  `updated_at` timestamp NULL DEFAULT NULL
) ENGINE=InnoDB DEFAULT CHARSET=utf8mb4 COLLATE=utf8mb4_unicode_ci;

--
-- Dumping data for table `support_page_categories`
--

INSERT INTO `support_page_categories` (`id`, `name`, `icon`, `description`, `status`, `created_at`, `updated_at`) VALUES
(2, 'Kamruzzaman kajol', 'fas fa-notes-medical', 'xbvbv', 1, '2025-08-28 01:11:42', '2025-08-28 01:11:42');

-- --------------------------------------------------------

--
-- Table structure for table `support_qas`
--

CREATE TABLE `support_qas` (
  `id` bigint(20) UNSIGNED NOT NULL,
  `category_id` varchar(255) NOT NULL,
  `question` varchar(255) NOT NULL,
  `answer` longtext NOT NULL,
  `is_faq` tinyint(1) NOT NULL DEFAULT 0,
  `status` tinyint(1) NOT NULL DEFAULT 1,
  `created_at` timestamp NULL DEFAULT NULL,
  `updated_at` timestamp NULL DEFAULT NULL
) ENGINE=InnoDB DEFAULT CHARSET=utf8mb4 COLLATE=utf8mb4_unicode_ci;

--
-- Dumping data for table `support_qas`
--

INSERT INTO `support_qas` (`id`, `category_id`, `question`, `answer`, `is_faq`, `status`, `created_at`, `updated_at`) VALUES
(1, '2', 'facebook', 'cxbxbv', 1, 1, '2025-08-28 01:18:11', '2025-08-28 01:18:11');

-- --------------------------------------------------------

--
-- Table structure for table `support_tickets`
--

CREATE TABLE `support_tickets` (
  `id` bigint(20) UNSIGNED NOT NULL,
  `category_id` varchar(255) NOT NULL,
  `question` varchar(255) NOT NULL,
  `answer` longtext NOT NULL,
  `is_faq` tinyint(1) NOT NULL DEFAULT 0,
  `status` tinyint(1) NOT NULL DEFAULT 1,
  `created_at` timestamp NULL DEFAULT NULL,
  `updated_at` timestamp NULL DEFAULT NULL
) ENGINE=InnoDB DEFAULT CHARSET=utf8mb4 COLLATE=utf8mb4_unicode_ci;

-- --------------------------------------------------------

--
-- Table structure for table `support_ticket_categories`
--

CREATE TABLE `support_ticket_categories` (
  `id` bigint(20) UNSIGNED NOT NULL,
  `name` varchar(255) NOT NULL,
  `icon` varchar(255) DEFAULT NULL,
  `description` text DEFAULT NULL,
  `status` tinyint(1) NOT NULL DEFAULT 1,
  `created_at` timestamp NULL DEFAULT NULL,
  `updated_at` timestamp NULL DEFAULT NULL
) ENGINE=InnoDB DEFAULT CHARSET=utf8mb4 COLLATE=utf8mb4_unicode_ci;

-- --------------------------------------------------------

--
-- Table structure for table `system_information`
--

CREATE TABLE `system_information` (
  `id` bigint(20) UNSIGNED NOT NULL,
  `ins_name` varchar(255) DEFAULT NULL,
  `branch_id` varchar(255) DEFAULT NULL,
  `logo` varchar(255) DEFAULT NULL,
  `black_logo` varchar(255) DEFAULT NULL,
  `icon` varchar(255) DEFAULT NULL,
  `address` varchar(255) DEFAULT NULL,
  `email` varchar(255) DEFAULT NULL,
  `phone` varchar(11) DEFAULT NULL,
  `main_url` varchar(255) DEFAULT NULL,
  `tax` varchar(255) DEFAULT NULL,
  `charge` varchar(255) DEFAULT NULL,
  `keyword` varchar(255) DEFAULT NULL,
  `description` text DEFAULT NULL,
  `develop_by` varchar(255) DEFAULT NULL,
  `created_at` timestamp NULL DEFAULT NULL,
  `updated_at` timestamp NULL DEFAULT NULL
) ENGINE=InnoDB DEFAULT CHARSET=utf8mb4 COLLATE=utf8mb4_unicode_ci;

--
-- Dumping data for table `system_information`
--

INSERT INTO `system_information` (`id`, `ins_name`, `branch_id`, `logo`, `black_logo`, `icon`, `address`, `email`, `phone`, `main_url`, `tax`, `charge`, `keyword`, `description`, `develop_by`, `created_at`, `updated_at`) VALUES
(1, 'Premier Web Retail', '1', 'public/uploads/logo175609979320250825logo (1).png', 'public/uploads/black_logo175609979320250825logo-2.png', 'public/uploads/icon175609979320250825Favicon.png', 'Dhaka', 'pwr@gmail.com', '88022222013', 'http://localhost/freelancework/', '0', '0', NULL, NULL, '#', '2025-05-07 10:43:40', '2025-08-24 23:29:55');

-- --------------------------------------------------------

--
-- Table structure for table `ticket_contact_infos`
--

CREATE TABLE `ticket_contact_infos` (
  `id` bigint(20) UNSIGNED NOT NULL,
  `email` varchar(255) DEFAULT NULL,
  `phone` varchar(255) DEFAULT NULL,
  `status` tinyint(1) NOT NULL DEFAULT 1,
  `created_at` timestamp NULL DEFAULT NULL,
  `updated_at` timestamp NULL DEFAULT NULL
) ENGINE=InnoDB DEFAULT CHARSET=utf8mb4 COLLATE=utf8mb4_unicode_ci;

-- --------------------------------------------------------

--
-- Table structure for table `units`
--

CREATE TABLE `units` (
  `id` bigint(20) UNSIGNED NOT NULL,
  `name` varchar(255) NOT NULL,
  `code` varchar(255) DEFAULT NULL,
  `status` tinyint(1) NOT NULL DEFAULT 1,
  `created_at` timestamp NULL DEFAULT NULL,
  `updated_at` timestamp NULL DEFAULT NULL
) ENGINE=InnoDB DEFAULT CHARSET=utf8mb4 COLLATE=utf8mb4_unicode_ci;

--
-- Dumping data for table `units`
--

INSERT INTO `units` (`id`, `name`, `code`, `status`, `created_at`, `updated_at`) VALUES
(1, 'pcs', 'pcs', 1, '2025-08-09 07:01:26', '2025-08-09 07:01:26');

-- --------------------------------------------------------

--
-- Table structure for table `users`
--

CREATE TABLE `users` (
  `id` bigint(20) UNSIGNED NOT NULL,
  `old_id` int(20) DEFAULT NULL,
  `name` varchar(255) NOT NULL,
  `branch_id` varchar(255) DEFAULT NULL,
  `designation_id` varchar(255) DEFAULT NULL,
  `image` varchar(255) DEFAULT NULL,
  `phone` varchar(255) DEFAULT NULL,
  `address` varchar(255) DEFAULT NULL,
  `email` varchar(255) NOT NULL,
  `email_verified_at` timestamp NULL DEFAULT NULL,
  `password` varchar(255) NOT NULL,
  `remember_token` varchar(100) DEFAULT NULL,
  `status` varchar(255) DEFAULT NULL,
  `user_type` varchar(255) DEFAULT NULL,
  `viewpassword` varchar(255) DEFAULT NULL,
  `created_at` timestamp NULL DEFAULT NULL,
  `updated_at` timestamp NULL DEFAULT NULL
) ENGINE=InnoDB DEFAULT CHARSET=utf8mb4 COLLATE=utf8mb4_unicode_ci;

--
-- Dumping data for table `users`
--

INSERT INTO `users` (`id`, `old_id`, `name`, `branch_id`, `designation_id`, `image`, `phone`, `address`, `email`, `email_verified_at`, `password`, `remember_token`, `status`, `user_type`, `viewpassword`, `created_at`, `updated_at`) VALUES
(1, NULL, 'Hardik Savani', '1', NULL, NULL, '01646735111', 'Rajshahi', 'admin@gmail.com', NULL, '$2y$12$m.Z15yjiQaCiSjT25OpTBuaDU7JO31KkejBPnjaRUItIt1Wm2KPVK', NULL, NULL, '2', NULL, '2025-05-06 02:08:26', '2025-05-07 01:41:35'),
(2, NULL, 'admin', '1', '1', 'public/uploads/profileImage175504739720250813user1.png', '01646735100', 'Rajshahi', 'adminOne@gmail.com', NULL, '$2y$12$Gin3dLC8l0Qoi7kS/oSvHexK2ZdYKVtjP5nbS1AAkygfqKfQ89JW2', NULL, '1', '2', '123456', '2025-05-08 05:54:51', '2025-08-12 19:10:47'),
(3, NULL, 'test customer', NULL, NULL, NULL, NULL, NULL, 'testCustomer@gmail.com', NULL, '$2y$12$tckTUyu1fszGbz8pSthMkugM4aWNWkaj0M7FcWYZncgYs8aOfVvf2', NULL, NULL, '2', NULL, '2025-08-14 02:34:53', '2025-08-14 02:34:53');

--
-- Indexes for dumped tables
--

--
-- Indexes for table `about_us`
--
ALTER TABLE `about_us`
  ADD PRIMARY KEY (`id`);

--
-- Indexes for table `analytic_settings`
--
ALTER TABLE `analytic_settings`
  ADD PRIMARY KEY (`id`),
  ADD UNIQUE KEY `analytic_settings_key_unique` (`key`);

--
-- Indexes for table `animation_categories`
--
ALTER TABLE `animation_categories`
  ADD PRIMARY KEY (`id`),
  ADD UNIQUE KEY `animation_categories_name_unique` (`name`),
  ADD UNIQUE KEY `animation_categories_slug_unique` (`slug`);

--
-- Indexes for table `assign_categories`
--
ALTER TABLE `assign_categories`
  ADD PRIMARY KEY (`id`),
  ADD KEY `assign_categories_product_id_foreign` (`product_id`);

--
-- Indexes for table `assign_charts`
--
ALTER TABLE `assign_charts`
  ADD PRIMARY KEY (`id`);

--
-- Indexes for table `assign_chart_entries`
--
ALTER TABLE `assign_chart_entries`
  ADD PRIMARY KEY (`id`);

--
-- Indexes for table `blogs`
--
ALTER TABLE `blogs`
  ADD PRIMARY KEY (`id`);

--
-- Indexes for table `branches`
--
ALTER TABLE `branches`
  ADD PRIMARY KEY (`id`);

--
-- Indexes for table `brands`
--
ALTER TABLE `brands`
  ADD PRIMARY KEY (`id`),
  ADD UNIQUE KEY `brands_name_unique` (`name`),
  ADD UNIQUE KEY `brands_slug_unique` (`slug`);

--
-- Indexes for table `bundle_offers`
--
ALTER TABLE `bundle_offers`
  ADD PRIMARY KEY (`id`);

--
-- Indexes for table `bundle_offer_product`
--
ALTER TABLE `bundle_offer_product`
  ADD PRIMARY KEY (`id`),
  ADD KEY `bundle_offer_product_bundle_offer_id_foreign` (`bundle_offer_id`);

--
-- Indexes for table `bundle_offer_tiers`
--
ALTER TABLE `bundle_offer_tiers`
  ADD PRIMARY KEY (`id`),
  ADD KEY `bundle_offer_tiers_bundle_offer_id_foreign` (`bundle_offer_id`);

--
-- Indexes for table `cache`
--
ALTER TABLE `cache`
  ADD PRIMARY KEY (`key`);

--
-- Indexes for table `cache_locks`
--
ALTER TABLE `cache_locks`
  ADD PRIMARY KEY (`key`);

--
-- Indexes for table `categories`
--
ALTER TABLE `categories`
  ADD PRIMARY KEY (`id`),
  ADD UNIQUE KEY `categories_name_unique` (`name`),
  ADD UNIQUE KEY `categories_slug_unique` (`slug`);

--
-- Indexes for table `client_says`
--
ALTER TABLE `client_says`
  ADD PRIMARY KEY (`id`);

--
-- Indexes for table `colors`
--
ALTER TABLE `colors`
  ADD PRIMARY KEY (`id`),
  ADD UNIQUE KEY `colors_name_unique` (`name`);

--
-- Indexes for table `contacts`
--
ALTER TABLE `contacts`
  ADD PRIMARY KEY (`id`);

--
-- Indexes for table `coupons`
--
ALTER TABLE `coupons`
  ADD PRIMARY KEY (`id`),
  ADD UNIQUE KEY `coupons_code_unique` (`code`);

--
-- Indexes for table `coupon_user`
--
ALTER TABLE `coupon_user`
  ADD PRIMARY KEY (`id`),
  ADD KEY `coupon_user_user_id_foreign` (`user_id`),
  ADD KEY `coupon_user_coupon_id_foreign` (`coupon_id`);

--
-- Indexes for table `customers`
--
ALTER TABLE `customers`
  ADD PRIMARY KEY (`id`),
  ADD UNIQUE KEY `customers_phone_unique` (`phone`),
  ADD UNIQUE KEY `customers_email_unique` (`email`);

--
-- Indexes for table `customer_addresses`
--
ALTER TABLE `customer_addresses`
  ADD PRIMARY KEY (`id`),
  ADD KEY `customer_addresses_customer_id_foreign` (`customer_id`);

--
-- Indexes for table `default_locations`
--
ALTER TABLE `default_locations`
  ADD PRIMARY KEY (`id`);

--
-- Indexes for table `designations`
--
ALTER TABLE `designations`
  ADD PRIMARY KEY (`id`);

--
-- Indexes for table `distance_segments`
--
ALTER TABLE `distance_segments`
  ADD PRIMARY KEY (`id`);

--
-- Indexes for table `expenses`
--
ALTER TABLE `expenses`
  ADD PRIMARY KEY (`id`),
  ADD KEY `expenses_expense_category_id_foreign` (`expense_category_id`);

--
-- Indexes for table `expense_categories`
--
ALTER TABLE `expense_categories`
  ADD PRIMARY KEY (`id`),
  ADD UNIQUE KEY `expense_categories_name_unique` (`name`);

--
-- Indexes for table `extra_pages`
--
ALTER TABLE `extra_pages`
  ADD PRIMARY KEY (`id`);

--
-- Indexes for table `fabrics`
--
ALTER TABLE `fabrics`
  ADD PRIMARY KEY (`id`),
  ADD UNIQUE KEY `fabrics_name_unique` (`name`);

--
-- Indexes for table `failed_jobs`
--
ALTER TABLE `failed_jobs`
  ADD PRIMARY KEY (`id`),
  ADD UNIQUE KEY `failed_jobs_uuid_unique` (`uuid`);

--
-- Indexes for table `galleries`
--
ALTER TABLE `galleries`
  ADD PRIMARY KEY (`id`);

--
-- Indexes for table `jobs`
--
ALTER TABLE `jobs`
  ADD PRIMARY KEY (`id`),
  ADD KEY `jobs_queue_index` (`queue`);

--
-- Indexes for table `job_batches`
--
ALTER TABLE `job_batches`
  ADD PRIMARY KEY (`id`);

--
-- Indexes for table `log_activities`
--
ALTER TABLE `log_activities`
  ADD PRIMARY KEY (`id`);

--
-- Indexes for table `main_sliders`
--
ALTER TABLE `main_sliders`
  ADD PRIMARY KEY (`id`);

--
-- Indexes for table `menu_items`
--
ALTER TABLE `menu_items`
  ADD PRIMARY KEY (`id`);

--
-- Indexes for table `messages`
--
ALTER TABLE `messages`
  ADD PRIMARY KEY (`id`);

--
-- Indexes for table `migrations`
--
ALTER TABLE `migrations`
  ADD PRIMARY KEY (`id`);

--
-- Indexes for table `model_has_permissions`
--
ALTER TABLE `model_has_permissions`
  ADD PRIMARY KEY (`permission_id`,`model_id`,`model_type`),
  ADD KEY `model_has_permissions_model_id_model_type_index` (`model_id`,`model_type`);

--
-- Indexes for table `model_has_roles`
--
ALTER TABLE `model_has_roles`
  ADD PRIMARY KEY (`role_id`,`model_id`,`model_type`),
  ADD KEY `model_has_roles_model_id_model_type_index` (`model_id`,`model_type`);

--
-- Indexes for table `news_and_media`
--
ALTER TABLE `news_and_media`
  ADD PRIMARY KEY (`id`);

--
-- Indexes for table `offersection_settings`
--
ALTER TABLE `offersection_settings`
  ADD PRIMARY KEY (`id`),
  ADD KEY `offersection_settings_bundle_offer_id_foreign` (`bundle_offer_id`);

--
-- Indexes for table `offer_banners`
--
ALTER TABLE `offer_banners`
  ADD PRIMARY KEY (`id`),
  ADD UNIQUE KEY `offer_banners_banner_type_unique` (`banner_type`);

--
-- Indexes for table `offer_products`
--
ALTER TABLE `offer_products`
  ADD PRIMARY KEY (`id`);

--
-- Indexes for table `orders`
--
ALTER TABLE `orders`
  ADD PRIMARY KEY (`id`),
  ADD UNIQUE KEY `orders_invoice_no_unique` (`invoice_no`),
  ADD KEY `orders_customer_id_foreign` (`customer_id`);

--
-- Indexes for table `order_details`
--
ALTER TABLE `order_details`
  ADD PRIMARY KEY (`id`),
  ADD KEY `order_details_order_id_foreign` (`order_id`),
  ADD KEY `order_details_product_id_foreign` (`product_id`);

--
-- Indexes for table `password_reset_tokens`
--
ALTER TABLE `password_reset_tokens`
  ADD PRIMARY KEY (`email`);

--
-- Indexes for table `payments`
--
ALTER TABLE `payments`
  ADD PRIMARY KEY (`id`),
  ADD KEY `payments_order_id_foreign` (`order_id`);

--
-- Indexes for table `permissions`
--
ALTER TABLE `permissions`
  ADD PRIMARY KEY (`id`),
  ADD UNIQUE KEY `permissions_name_guard_name_unique` (`name`,`guard_name`);

--
-- Indexes for table `products`
--
ALTER TABLE `products`
  ADD PRIMARY KEY (`id`),
  ADD UNIQUE KEY `products_slug_unique` (`slug`),
  ADD UNIQUE KEY `products_product_code_unique` (`product_code`),
  ADD KEY `products_brand_id_foreign` (`brand_id`),
  ADD KEY `products_category_id_foreign` (`category_id`),
  ADD KEY `products_subcategory_id_foreign` (`subcategory_id`),
  ADD KEY `products_sub_subcategory_id_foreign` (`sub_subcategory_id`),
  ADD KEY `products_fabric_id_foreign` (`fabric_id`),
  ADD KEY `products_unit_id_foreign` (`unit_id`);

--
-- Indexes for table `product_variants`
--
ALTER TABLE `product_variants`
  ADD PRIMARY KEY (`id`),
  ADD UNIQUE KEY `product_variants_variant_sku_unique` (`variant_sku`),
  ADD KEY `product_variants_product_id_foreign` (`product_id`),
  ADD KEY `product_variants_color_id_foreign` (`color_id`);

--
-- Indexes for table `purchases`
--
ALTER TABLE `purchases`
  ADD PRIMARY KEY (`id`),
  ADD UNIQUE KEY `purchases_purchase_no_unique` (`purchase_no`),
  ADD KEY `purchases_supplier_id_foreign` (`supplier_id`),
  ADD KEY `purchases_created_by_foreign` (`created_by`);

--
-- Indexes for table `purchase_details`
--
ALTER TABLE `purchase_details`
  ADD PRIMARY KEY (`id`),
  ADD KEY `purchase_details_purchase_id_foreign` (`purchase_id`),
  ADD KEY `purchase_details_product_id_foreign` (`product_id`),
  ADD KEY `purchase_details_product_variant_id_foreign` (`product_variant_id`),
  ADD KEY `purchase_details_size_id_foreign` (`size_id`);

--
-- Indexes for table `reviews`
--
ALTER TABLE `reviews`
  ADD PRIMARY KEY (`id`),
  ADD KEY `reviews_product_id_foreign` (`product_id`),
  ADD KEY `reviews_customer_id_foreign` (`customer_id`);

--
-- Indexes for table `reward_points`
--
ALTER TABLE `reward_points`
  ADD PRIMARY KEY (`id`),
  ADD KEY `reward_points_customer_id_foreign` (`customer_id`),
  ADD KEY `reward_points_order_id_foreign` (`order_id`);

--
-- Indexes for table `reward_point_settings`
--
ALTER TABLE `reward_point_settings`
  ADD PRIMARY KEY (`id`);

--
-- Indexes for table `roles`
--
ALTER TABLE `roles`
  ADD PRIMARY KEY (`id`),
  ADD UNIQUE KEY `roles_name_guard_name_unique` (`name`,`guard_name`);

--
-- Indexes for table `role_has_permissions`
--
ALTER TABLE `role_has_permissions`
  ADD PRIMARY KEY (`permission_id`,`role_id`),
  ADD KEY `role_has_permissions_role_id_foreign` (`role_id`);

--
-- Indexes for table `services`
--
ALTER TABLE `services`
  ADD PRIMARY KEY (`id`);

--
-- Indexes for table `sessions`
--
ALTER TABLE `sessions`
  ADD PRIMARY KEY (`id`),
  ADD KEY `sessions_user_id_index` (`user_id`),
  ADD KEY `sessions_last_activity_index` (`last_activity`);

--
-- Indexes for table `settings`
--
ALTER TABLE `settings`
  ADD PRIMARY KEY (`id`),
  ADD UNIQUE KEY `settings_key_unique` (`key`);

--
-- Indexes for table `sidebar_menus`
--
ALTER TABLE `sidebar_menus`
  ADD PRIMARY KEY (`id`);

--
-- Indexes for table `sizes`
--
ALTER TABLE `sizes`
  ADD PRIMARY KEY (`id`),
  ADD UNIQUE KEY `sizes_name_unique` (`name`);

--
-- Indexes for table `size_charts`
--
ALTER TABLE `size_charts`
  ADD PRIMARY KEY (`id`),
  ADD UNIQUE KEY `size_charts_name_unique` (`name`);

--
-- Indexes for table `size_chart_entries`
--
ALTER TABLE `size_chart_entries`
  ADD PRIMARY KEY (`id`),
  ADD KEY `size_chart_entries_size_chart_id_foreign` (`size_chart_id`);

--
-- Indexes for table `sliders`
--
ALTER TABLE `sliders`
  ADD PRIMARY KEY (`id`);

--
-- Indexes for table `slider_controls`
--
ALTER TABLE `slider_controls`
  ADD PRIMARY KEY (`id`),
  ADD UNIQUE KEY `slider_controls_section_key_unique` (`section_key`);

--
-- Indexes for table `social_links`
--
ALTER TABLE `social_links`
  ADD PRIMARY KEY (`id`);

--
-- Indexes for table `stock_histories`
--
ALTER TABLE `stock_histories`
  ADD PRIMARY KEY (`id`),
  ADD KEY `stock_histories_product_id_foreign` (`product_id`),
  ADD KEY `stock_histories_product_variant_id_foreign` (`product_variant_id`),
  ADD KEY `stock_histories_size_id_foreign` (`size_id`),
  ADD KEY `stock_histories_user_id_foreign` (`user_id`);

--
-- Indexes for table `subcategories`
--
ALTER TABLE `subcategories`
  ADD PRIMARY KEY (`id`),
  ADD UNIQUE KEY `subcategories_slug_unique` (`slug`),
  ADD KEY `subcategories_category_id_foreign` (`category_id`);

--
-- Indexes for table `sub_subcategories`
--
ALTER TABLE `sub_subcategories`
  ADD PRIMARY KEY (`id`),
  ADD UNIQUE KEY `sub_subcategories_slug_unique` (`slug`),
  ADD KEY `sub_subcategories_subcategory_id_foreign` (`subcategory_id`);

--
-- Indexes for table `suppliers`
--
ALTER TABLE `suppliers`
  ADD PRIMARY KEY (`id`),
  ADD UNIQUE KEY `suppliers_phone_unique` (`phone`),
  ADD UNIQUE KEY `suppliers_email_unique` (`email`);

--
-- Indexes for table `support_page_categories`
--
ALTER TABLE `support_page_categories`
  ADD PRIMARY KEY (`id`);

--
-- Indexes for table `support_qas`
--
ALTER TABLE `support_qas`
  ADD PRIMARY KEY (`id`);

--
-- Indexes for table `support_tickets`
--
ALTER TABLE `support_tickets`
  ADD PRIMARY KEY (`id`);

--
-- Indexes for table `support_ticket_categories`
--
ALTER TABLE `support_ticket_categories`
  ADD PRIMARY KEY (`id`);

--
-- Indexes for table `system_information`
--
ALTER TABLE `system_information`
  ADD PRIMARY KEY (`id`);

--
-- Indexes for table `ticket_contact_infos`
--
ALTER TABLE `ticket_contact_infos`
  ADD PRIMARY KEY (`id`);

--
-- Indexes for table `units`
--
ALTER TABLE `units`
  ADD PRIMARY KEY (`id`),
  ADD UNIQUE KEY `units_name_unique` (`name`);

--
-- Indexes for table `users`
--
ALTER TABLE `users`
  ADD PRIMARY KEY (`id`),
  ADD UNIQUE KEY `users_email_unique` (`email`);

--
-- AUTO_INCREMENT for dumped tables
--

--
-- AUTO_INCREMENT for table `about_us`
--
ALTER TABLE `about_us`
  MODIFY `id` bigint(20) UNSIGNED NOT NULL AUTO_INCREMENT;

--
-- AUTO_INCREMENT for table `analytic_settings`
--
ALTER TABLE `analytic_settings`
  MODIFY `id` bigint(20) UNSIGNED NOT NULL AUTO_INCREMENT;

--
-- AUTO_INCREMENT for table `animation_categories`
--
ALTER TABLE `animation_categories`
  MODIFY `id` bigint(20) UNSIGNED NOT NULL AUTO_INCREMENT, AUTO_INCREMENT=10;

--
-- AUTO_INCREMENT for table `assign_categories`
--
ALTER TABLE `assign_categories`
  MODIFY `id` bigint(20) UNSIGNED NOT NULL AUTO_INCREMENT, AUTO_INCREMENT=319;

--
-- AUTO_INCREMENT for table `assign_charts`
--
ALTER TABLE `assign_charts`
  MODIFY `id` bigint(20) UNSIGNED NOT NULL AUTO_INCREMENT, AUTO_INCREMENT=52;

--
-- AUTO_INCREMENT for table `assign_chart_entries`
--
ALTER TABLE `assign_chart_entries`
  MODIFY `id` bigint(20) UNSIGNED NOT NULL AUTO_INCREMENT, AUTO_INCREMENT=288;

--
-- AUTO_INCREMENT for table `blogs`
--
ALTER TABLE `blogs`
  MODIFY `id` bigint(20) UNSIGNED NOT NULL AUTO_INCREMENT;

--
-- AUTO_INCREMENT for table `branches`
--
ALTER TABLE `branches`
  MODIFY `id` bigint(20) UNSIGNED NOT NULL AUTO_INCREMENT, AUTO_INCREMENT=3;

--
-- AUTO_INCREMENT for table `brands`
--
ALTER TABLE `brands`
  MODIFY `id` bigint(20) UNSIGNED NOT NULL AUTO_INCREMENT, AUTO_INCREMENT=4;

--
-- AUTO_INCREMENT for table `bundle_offers`
--
ALTER TABLE `bundle_offers`
  MODIFY `id` bigint(20) UNSIGNED NOT NULL AUTO_INCREMENT, AUTO_INCREMENT=3;

--
-- AUTO_INCREMENT for table `bundle_offer_product`
--
ALTER TABLE `bundle_offer_product`
  MODIFY `id` bigint(20) UNSIGNED NOT NULL AUTO_INCREMENT, AUTO_INCREMENT=2;

--
-- AUTO_INCREMENT for table `bundle_offer_tiers`
--
ALTER TABLE `bundle_offer_tiers`
  MODIFY `id` bigint(20) UNSIGNED NOT NULL AUTO_INCREMENT;

--
-- AUTO_INCREMENT for table `categories`
--
ALTER TABLE `categories`
  MODIFY `id` bigint(20) UNSIGNED NOT NULL AUTO_INCREMENT, AUTO_INCREMENT=14;

--
-- AUTO_INCREMENT for table `client_says`
--
ALTER TABLE `client_says`
  MODIFY `id` bigint(20) UNSIGNED NOT NULL AUTO_INCREMENT;

--
-- AUTO_INCREMENT for table `colors`
--
ALTER TABLE `colors`
  MODIFY `id` bigint(20) UNSIGNED NOT NULL AUTO_INCREMENT, AUTO_INCREMENT=22;

--
-- AUTO_INCREMENT for table `contacts`
--
ALTER TABLE `contacts`
  MODIFY `id` bigint(20) UNSIGNED NOT NULL AUTO_INCREMENT;

--
-- AUTO_INCREMENT for table `coupons`
--
ALTER TABLE `coupons`
  MODIFY `id` bigint(20) UNSIGNED NOT NULL AUTO_INCREMENT, AUTO_INCREMENT=3;

--
-- AUTO_INCREMENT for table `coupon_user`
--
ALTER TABLE `coupon_user`
  MODIFY `id` bigint(20) UNSIGNED NOT NULL AUTO_INCREMENT;

--
-- AUTO_INCREMENT for table `customers`
--
ALTER TABLE `customers`
  MODIFY `id` bigint(20) UNSIGNED NOT NULL AUTO_INCREMENT, AUTO_INCREMENT=7592;

--
-- AUTO_INCREMENT for table `customer_addresses`
--
ALTER TABLE `customer_addresses`
  MODIFY `id` bigint(20) UNSIGNED NOT NULL AUTO_INCREMENT, AUTO_INCREMENT=4;

--
-- AUTO_INCREMENT for table `default_locations`
--
ALTER TABLE `default_locations`
  MODIFY `id` bigint(20) UNSIGNED NOT NULL AUTO_INCREMENT;

--
-- AUTO_INCREMENT for table `designations`
--
ALTER TABLE `designations`
  MODIFY `id` bigint(20) UNSIGNED NOT NULL AUTO_INCREMENT, AUTO_INCREMENT=3;

--
-- AUTO_INCREMENT for table `distance_segments`
--
ALTER TABLE `distance_segments`
  MODIFY `id` bigint(20) UNSIGNED NOT NULL AUTO_INCREMENT;

--
-- AUTO_INCREMENT for table `expenses`
--
ALTER TABLE `expenses`
  MODIFY `id` bigint(20) UNSIGNED NOT NULL AUTO_INCREMENT;

--
-- AUTO_INCREMENT for table `expense_categories`
--
ALTER TABLE `expense_categories`
  MODIFY `id` bigint(20) UNSIGNED NOT NULL AUTO_INCREMENT, AUTO_INCREMENT=3;

--
-- AUTO_INCREMENT for table `extra_pages`
--
ALTER TABLE `extra_pages`
  MODIFY `id` bigint(20) UNSIGNED NOT NULL AUTO_INCREMENT;

--
-- AUTO_INCREMENT for table `fabrics`
--
ALTER TABLE `fabrics`
  MODIFY `id` bigint(20) UNSIGNED NOT NULL AUTO_INCREMENT, AUTO_INCREMENT=8;

--
-- AUTO_INCREMENT for table `failed_jobs`
--
ALTER TABLE `failed_jobs`
  MODIFY `id` bigint(20) UNSIGNED NOT NULL AUTO_INCREMENT;

--
-- AUTO_INCREMENT for table `galleries`
--
ALTER TABLE `galleries`
  MODIFY `id` bigint(20) UNSIGNED NOT NULL AUTO_INCREMENT;

--
-- AUTO_INCREMENT for table `jobs`
--
ALTER TABLE `jobs`
  MODIFY `id` bigint(20) UNSIGNED NOT NULL AUTO_INCREMENT;

--
-- AUTO_INCREMENT for table `log_activities`
--
ALTER TABLE `log_activities`
  MODIFY `id` bigint(20) UNSIGNED NOT NULL AUTO_INCREMENT, AUTO_INCREMENT=1167;

--
-- AUTO_INCREMENT for table `main_sliders`
--
ALTER TABLE `main_sliders`
  MODIFY `id` bigint(20) UNSIGNED NOT NULL AUTO_INCREMENT, AUTO_INCREMENT=4;

--
-- AUTO_INCREMENT for table `menu_items`
--
ALTER TABLE `menu_items`
  MODIFY `id` bigint(20) UNSIGNED NOT NULL AUTO_INCREMENT, AUTO_INCREMENT=18;

--
-- AUTO_INCREMENT for table `messages`
--
ALTER TABLE `messages`
  MODIFY `id` bigint(20) UNSIGNED NOT NULL AUTO_INCREMENT;

--
-- AUTO_INCREMENT for table `migrations`
--
ALTER TABLE `migrations`
  MODIFY `id` int(10) UNSIGNED NOT NULL AUTO_INCREMENT, AUTO_INCREMENT=80;

--
-- AUTO_INCREMENT for table `news_and_media`
--
ALTER TABLE `news_and_media`
  MODIFY `id` bigint(20) UNSIGNED NOT NULL AUTO_INCREMENT;

--
-- AUTO_INCREMENT for table `offersection_settings`
--
ALTER TABLE `offersection_settings`
  MODIFY `id` bigint(20) UNSIGNED NOT NULL AUTO_INCREMENT, AUTO_INCREMENT=2;

--
-- AUTO_INCREMENT for table `offer_banners`
--
ALTER TABLE `offer_banners`
  MODIFY `id` bigint(20) UNSIGNED NOT NULL AUTO_INCREMENT, AUTO_INCREMENT=9;

--
-- AUTO_INCREMENT for table `offer_products`
--
ALTER TABLE `offer_products`
  MODIFY `id` bigint(20) UNSIGNED NOT NULL AUTO_INCREMENT, AUTO_INCREMENT=3;

--
-- AUTO_INCREMENT for table `orders`
--
ALTER TABLE `orders`
  MODIFY `id` bigint(20) UNSIGNED NOT NULL AUTO_INCREMENT, AUTO_INCREMENT=7105;

--
-- AUTO_INCREMENT for table `order_details`
--
ALTER TABLE `order_details`
  MODIFY `id` bigint(20) UNSIGNED NOT NULL AUTO_INCREMENT, AUTO_INCREMENT=13913;

--
-- AUTO_INCREMENT for table `payments`
--
ALTER TABLE `payments`
  MODIFY `id` bigint(20) UNSIGNED NOT NULL AUTO_INCREMENT;

--
-- AUTO_INCREMENT for table `permissions`
--
ALTER TABLE `permissions`
  MODIFY `id` bigint(20) UNSIGNED NOT NULL AUTO_INCREMENT, AUTO_INCREMENT=192;

--
-- AUTO_INCREMENT for table `products`
--
ALTER TABLE `products`
  MODIFY `id` bigint(20) UNSIGNED NOT NULL AUTO_INCREMENT, AUTO_INCREMENT=354;

--
-- AUTO_INCREMENT for table `product_variants`
--
ALTER TABLE `product_variants`
  MODIFY `id` bigint(20) UNSIGNED NOT NULL AUTO_INCREMENT, AUTO_INCREMENT=405;

--
-- AUTO_INCREMENT for table `purchases`
--
ALTER TABLE `purchases`
  MODIFY `id` bigint(20) UNSIGNED NOT NULL AUTO_INCREMENT;

--
-- AUTO_INCREMENT for table `purchase_details`
--
ALTER TABLE `purchase_details`
  MODIFY `id` bigint(20) UNSIGNED NOT NULL AUTO_INCREMENT;

--
-- AUTO_INCREMENT for table `reviews`
--
ALTER TABLE `reviews`
  MODIFY `id` bigint(20) UNSIGNED NOT NULL AUTO_INCREMENT;

--
-- AUTO_INCREMENT for table `reward_points`
--
ALTER TABLE `reward_points`
  MODIFY `id` bigint(20) UNSIGNED NOT NULL AUTO_INCREMENT;

--
-- AUTO_INCREMENT for table `reward_point_settings`
--
ALTER TABLE `reward_point_settings`
  MODIFY `id` bigint(20) UNSIGNED NOT NULL AUTO_INCREMENT, AUTO_INCREMENT=2;

--
-- AUTO_INCREMENT for table `roles`
--
ALTER TABLE `roles`
  MODIFY `id` bigint(20) UNSIGNED NOT NULL AUTO_INCREMENT, AUTO_INCREMENT=2;

--
-- AUTO_INCREMENT for table `services`
--
ALTER TABLE `services`
  MODIFY `id` bigint(20) UNSIGNED NOT NULL AUTO_INCREMENT;

--
-- AUTO_INCREMENT for table `settings`
--
ALTER TABLE `settings`
  MODIFY `id` bigint(20) UNSIGNED NOT NULL AUTO_INCREMENT, AUTO_INCREMENT=3;

--
-- AUTO_INCREMENT for table `sidebar_menus`
--
ALTER TABLE `sidebar_menus`
  MODIFY `id` bigint(20) UNSIGNED NOT NULL AUTO_INCREMENT, AUTO_INCREMENT=14;

--
-- AUTO_INCREMENT for table `sizes`
--
ALTER TABLE `sizes`
  MODIFY `id` bigint(20) UNSIGNED NOT NULL AUTO_INCREMENT, AUTO_INCREMENT=16;

--
-- AUTO_INCREMENT for table `size_charts`
--
ALTER TABLE `size_charts`
  MODIFY `id` bigint(20) UNSIGNED NOT NULL AUTO_INCREMENT, AUTO_INCREMENT=8;

--
-- AUTO_INCREMENT for table `size_chart_entries`
--
ALTER TABLE `size_chart_entries`
  MODIFY `id` bigint(20) UNSIGNED NOT NULL AUTO_INCREMENT, AUTO_INCREMENT=39;

--
-- AUTO_INCREMENT for table `sliders`
--
ALTER TABLE `sliders`
  MODIFY `id` bigint(20) UNSIGNED NOT NULL AUTO_INCREMENT;

--
-- AUTO_INCREMENT for table `slider_controls`
--
ALTER TABLE `slider_controls`
  MODIFY `id` bigint(20) UNSIGNED NOT NULL AUTO_INCREMENT, AUTO_INCREMENT=4;

--
-- AUTO_INCREMENT for table `social_links`
--
ALTER TABLE `social_links`
  MODIFY `id` bigint(20) UNSIGNED NOT NULL AUTO_INCREMENT, AUTO_INCREMENT=2;

--
-- AUTO_INCREMENT for table `stock_histories`
--
ALTER TABLE `stock_histories`
  MODIFY `id` bigint(20) UNSIGNED NOT NULL AUTO_INCREMENT;

--
-- AUTO_INCREMENT for table `subcategories`
--
ALTER TABLE `subcategories`
  MODIFY `id` bigint(20) UNSIGNED NOT NULL AUTO_INCREMENT, AUTO_INCREMENT=34;

--
-- AUTO_INCREMENT for table `sub_subcategories`
--
ALTER TABLE `sub_subcategories`
  MODIFY `id` bigint(20) UNSIGNED NOT NULL AUTO_INCREMENT, AUTO_INCREMENT=2;

--
-- AUTO_INCREMENT for table `suppliers`
--
ALTER TABLE `suppliers`
  MODIFY `id` bigint(20) UNSIGNED NOT NULL AUTO_INCREMENT;

--
-- AUTO_INCREMENT for table `support_page_categories`
--
ALTER TABLE `support_page_categories`
  MODIFY `id` bigint(20) UNSIGNED NOT NULL AUTO_INCREMENT, AUTO_INCREMENT=3;

--
-- AUTO_INCREMENT for table `support_qas`
--
ALTER TABLE `support_qas`
  MODIFY `id` bigint(20) UNSIGNED NOT NULL AUTO_INCREMENT, AUTO_INCREMENT=2;

--
-- AUTO_INCREMENT for table `support_tickets`
--
ALTER TABLE `support_tickets`
  MODIFY `id` bigint(20) UNSIGNED NOT NULL AUTO_INCREMENT;

--
-- AUTO_INCREMENT for table `support_ticket_categories`
--
ALTER TABLE `support_ticket_categories`
  MODIFY `id` bigint(20) UNSIGNED NOT NULL AUTO_INCREMENT;

--
-- AUTO_INCREMENT for table `system_information`
--
ALTER TABLE `system_information`
  MODIFY `id` bigint(20) UNSIGNED NOT NULL AUTO_INCREMENT, AUTO_INCREMENT=3;

--
-- AUTO_INCREMENT for table `ticket_contact_infos`
--
ALTER TABLE `ticket_contact_infos`
  MODIFY `id` bigint(20) UNSIGNED NOT NULL AUTO_INCREMENT, AUTO_INCREMENT=2;

--
-- AUTO_INCREMENT for table `units`
--
ALTER TABLE `units`
  MODIFY `id` bigint(20) UNSIGNED NOT NULL AUTO_INCREMENT, AUTO_INCREMENT=2;

--
-- AUTO_INCREMENT for table `users`
--
ALTER TABLE `users`
  MODIFY `id` bigint(20) UNSIGNED NOT NULL AUTO_INCREMENT, AUTO_INCREMENT=3847;

--
-- Constraints for dumped tables
--

--
-- Constraints for table `assign_categories`
--
ALTER TABLE `assign_categories`
  ADD CONSTRAINT `assign_categories_product_id_foreign` FOREIGN KEY (`product_id`) REFERENCES `products` (`id`) ON DELETE CASCADE;

--
-- Constraints for table `bundle_offer_product`
--
ALTER TABLE `bundle_offer_product`
  ADD CONSTRAINT `bundle_offer_product_bundle_offer_id_foreign` FOREIGN KEY (`bundle_offer_id`) REFERENCES `bundle_offers` (`id`) ON DELETE CASCADE;

--
-- Constraints for table `bundle_offer_tiers`
--
ALTER TABLE `bundle_offer_tiers`
  ADD CONSTRAINT `bundle_offer_tiers_bundle_offer_id_foreign` FOREIGN KEY (`bundle_offer_id`) REFERENCES `bundle_offers` (`id`) ON DELETE CASCADE;

--
-- Constraints for table `coupon_user`
--
ALTER TABLE `coupon_user`
  ADD CONSTRAINT `coupon_user_coupon_id_foreign` FOREIGN KEY (`coupon_id`) REFERENCES `coupons` (`id`) ON DELETE CASCADE,
  ADD CONSTRAINT `coupon_user_user_id_foreign` FOREIGN KEY (`user_id`) REFERENCES `users` (`id`) ON DELETE CASCADE;

--
-- Constraints for table `customer_addresses`
--
ALTER TABLE `customer_addresses`
  ADD CONSTRAINT `customer_addresses_customer_id_foreign` FOREIGN KEY (`customer_id`) REFERENCES `customers` (`id`) ON DELETE CASCADE;

--
-- Constraints for table `expenses`
--
ALTER TABLE `expenses`
  ADD CONSTRAINT `expenses_expense_category_id_foreign` FOREIGN KEY (`expense_category_id`) REFERENCES `expense_categories` (`id`) ON DELETE CASCADE;

--
-- Constraints for table `model_has_permissions`
--
ALTER TABLE `model_has_permissions`
  ADD CONSTRAINT `model_has_permissions_permission_id_foreign` FOREIGN KEY (`permission_id`) REFERENCES `permissions` (`id`) ON DELETE CASCADE;

--
-- Constraints for table `model_has_roles`
--
ALTER TABLE `model_has_roles`
  ADD CONSTRAINT `model_has_roles_role_id_foreign` FOREIGN KEY (`role_id`) REFERENCES `roles` (`id`) ON DELETE CASCADE;

--
-- Constraints for table `offersection_settings`
--
ALTER TABLE `offersection_settings`
  ADD CONSTRAINT `offersection_settings_bundle_offer_id_foreign` FOREIGN KEY (`bundle_offer_id`) REFERENCES `bundle_offers` (`id`) ON DELETE SET NULL;

--
-- Constraints for table `orders`
--
ALTER TABLE `orders`
  ADD CONSTRAINT `orders_customer_id_foreign` FOREIGN KEY (`customer_id`) REFERENCES `customers` (`id`) ON DELETE CASCADE;

--
-- Constraints for table `order_details`
--
ALTER TABLE `order_details`
  ADD CONSTRAINT `order_details_order_id_foreign` FOREIGN KEY (`order_id`) REFERENCES `orders` (`id`) ON DELETE CASCADE,
  ADD CONSTRAINT `order_details_product_id_foreign` FOREIGN KEY (`product_id`) REFERENCES `products` (`id`) ON DELETE CASCADE;

--
-- Constraints for table `payments`
--
ALTER TABLE `payments`
  ADD CONSTRAINT `payments_order_id_foreign` FOREIGN KEY (`order_id`) REFERENCES `orders` (`id`) ON DELETE CASCADE;

--
-- Constraints for table `products`
--
ALTER TABLE `products`
  ADD CONSTRAINT `products_brand_id_foreign` FOREIGN KEY (`brand_id`) REFERENCES `brands` (`id`) ON DELETE SET NULL,
  ADD CONSTRAINT `products_category_id_foreign` FOREIGN KEY (`category_id`) REFERENCES `categories` (`id`) ON DELETE CASCADE,
  ADD CONSTRAINT `products_fabric_id_foreign` FOREIGN KEY (`fabric_id`) REFERENCES `fabrics` (`id`) ON DELETE SET NULL,
  ADD CONSTRAINT `products_sub_subcategory_id_foreign` FOREIGN KEY (`sub_subcategory_id`) REFERENCES `sub_subcategories` (`id`) ON DELETE SET NULL,
  ADD CONSTRAINT `products_subcategory_id_foreign` FOREIGN KEY (`subcategory_id`) REFERENCES `subcategories` (`id`) ON DELETE SET NULL,
  ADD CONSTRAINT `products_unit_id_foreign` FOREIGN KEY (`unit_id`) REFERENCES `units` (`id`) ON DELETE CASCADE;

--
-- Constraints for table `product_variants`
--
ALTER TABLE `product_variants`
  ADD CONSTRAINT `product_variants_color_id_foreign` FOREIGN KEY (`color_id`) REFERENCES `colors` (`id`) ON DELETE SET NULL,
  ADD CONSTRAINT `product_variants_product_id_foreign` FOREIGN KEY (`product_id`) REFERENCES `products` (`id`) ON DELETE CASCADE;

--
-- Constraints for table `purchases`
--
ALTER TABLE `purchases`
  ADD CONSTRAINT `purchases_created_by_foreign` FOREIGN KEY (`created_by`) REFERENCES `users` (`id`) ON DELETE SET NULL,
  ADD CONSTRAINT `purchases_supplier_id_foreign` FOREIGN KEY (`supplier_id`) REFERENCES `suppliers` (`id`) ON DELETE SET NULL;

--
-- Constraints for table `purchase_details`
--
ALTER TABLE `purchase_details`
  ADD CONSTRAINT `purchase_details_product_id_foreign` FOREIGN KEY (`product_id`) REFERENCES `products` (`id`) ON DELETE CASCADE,
  ADD CONSTRAINT `purchase_details_product_variant_id_foreign` FOREIGN KEY (`product_variant_id`) REFERENCES `product_variants` (`id`) ON DELETE CASCADE,
  ADD CONSTRAINT `purchase_details_purchase_id_foreign` FOREIGN KEY (`purchase_id`) REFERENCES `purchases` (`id`) ON DELETE CASCADE,
  ADD CONSTRAINT `purchase_details_size_id_foreign` FOREIGN KEY (`size_id`) REFERENCES `sizes` (`id`) ON DELETE CASCADE;

--
-- Constraints for table `reviews`
--
ALTER TABLE `reviews`
  ADD CONSTRAINT `reviews_customer_id_foreign` FOREIGN KEY (`customer_id`) REFERENCES `customers` (`id`) ON DELETE SET NULL,
  ADD CONSTRAINT `reviews_product_id_foreign` FOREIGN KEY (`product_id`) REFERENCES `products` (`id`) ON DELETE CASCADE;

--
-- Constraints for table `reward_points`
--
ALTER TABLE `reward_points`
  ADD CONSTRAINT `reward_points_customer_id_foreign` FOREIGN KEY (`customer_id`) REFERENCES `customers` (`id`) ON DELETE CASCADE,
  ADD CONSTRAINT `reward_points_order_id_foreign` FOREIGN KEY (`order_id`) REFERENCES `orders` (`id`) ON DELETE SET NULL;

--
-- Constraints for table `role_has_permissions`
--
ALTER TABLE `role_has_permissions`
  ADD CONSTRAINT `role_has_permissions_permission_id_foreign` FOREIGN KEY (`permission_id`) REFERENCES `permissions` (`id`) ON DELETE CASCADE,
  ADD CONSTRAINT `role_has_permissions_role_id_foreign` FOREIGN KEY (`role_id`) REFERENCES `roles` (`id`) ON DELETE CASCADE;

--
-- Constraints for table `size_chart_entries`
--
ALTER TABLE `size_chart_entries`
  ADD CONSTRAINT `size_chart_entries_size_chart_id_foreign` FOREIGN KEY (`size_chart_id`) REFERENCES `size_charts` (`id`) ON DELETE CASCADE;

--
-- Constraints for table `stock_histories`
--
ALTER TABLE `stock_histories`
  ADD CONSTRAINT `stock_histories_product_id_foreign` FOREIGN KEY (`product_id`) REFERENCES `products` (`id`) ON DELETE CASCADE,
  ADD CONSTRAINT `stock_histories_product_variant_id_foreign` FOREIGN KEY (`product_variant_id`) REFERENCES `product_variants` (`id`) ON DELETE CASCADE,
  ADD CONSTRAINT `stock_histories_size_id_foreign` FOREIGN KEY (`size_id`) REFERENCES `sizes` (`id`) ON DELETE CASCADE,
  ADD CONSTRAINT `stock_histories_user_id_foreign` FOREIGN KEY (`user_id`) REFERENCES `users` (`id`) ON DELETE SET NULL;

--
-- Constraints for table `subcategories`
--
ALTER TABLE `subcategories`
  ADD CONSTRAINT `subcategories_category_id_foreign` FOREIGN KEY (`category_id`) REFERENCES `categories` (`id`) ON DELETE CASCADE;

--
-- Constraints for table `sub_subcategories`
--
ALTER TABLE `sub_subcategories`
  ADD CONSTRAINT `sub_subcategories_subcategory_id_foreign` FOREIGN KEY (`subcategory_id`) REFERENCES `subcategories` (`id`) ON DELETE CASCADE;
COMMIT;

/*!40101 SET CHARACTER_SET_CLIENT=@OLD_CHARACTER_SET_CLIENT */;
/*!40101 SET CHARACTER_SET_RESULTS=@OLD_CHARACTER_SET_RESULTS */;
/*!40101 SET COLLATION_CONNECTION=@OLD_COLLATION_CONNECTION */;
